date,want_pompa,want_truk,minor
2015-01-30,744,6892,744
2015-01-31,938,6892,938
2015-02-01,1988,6892,1988
2015-02-02,1782,6892,1782
2015-02-03,1579,6892,1579
2015-02-04,1545,6892,1545
2015-02-05,1534,6892,1534
2015-02-06,1833,6892,1833
2015-02-07,2136,6892,2136
2015-02-08,1810,6892,1810
2015-02-09,2043,6892,2043
2015-02-10,1677,6892,1677
2015-02-11,1519,6892,1519
2015-02-12,1650,6892,1650
2015-02-13,1778,6892,1778
2015-02-14,1463,6892,1463
2015-02-15,1300,6892,1300
2015-02-16,1142,6892,1142
2015-02-17,1332,6892,1332
2015-02-18,1703,6892,1703
2015-02-19,2050,6892,2050
2015-02-20,1344,6892,1344
2015-02-21,724,6892,724
2015-02-22,462,6892,462
2015-02-23,764,6892,764
2015-02-24,681,6892,681
2015-02-25,779,6892,779
2015-02-26,638,6892,638
2015-02-27,604,6892,604
2015-02-28,680,6892,680
2015-03-01,713,6892,713
2015-03-02,1191,6892,1191
2015-03-03,1042,6892,1042
2015-03-04,1057,6892,1057
2015-03-05,808,6892,808
2015-03-06,634,6892,634
2015-03-07,627,6892,627
2015-03-08,548,6892,548
2015-03-09,539,6892,539
2015-03-10,506,6892,506
2015-03-11,484,6892,484
2015-03-12,343,6892,343
2015-03-13,390,6892,390
2015-03-14,417,6892,417
2015-03-15,630,6892,630
2015-03-16,791,6892,791
2015-03-17,709,6892,709
2015-03-18,516,6892,516
2015-03-19,733,6892,733
2015-03-20,983,6892,983
2015-03-21,1210,6892,1210
2015-03-22,1010,6892,1010
2015-03-23,809,6892,809
2015-03-24,827,6892,827
2015-03-25,888,6892,888
2015-03-26,814,6892,814
2015-03-27,726,6892,726
2015-03-28,597,6892,597
2015-03-29,553,6892,553
2015-03-30,500,6892,500
2015-03-31,532,6892,532
2015-04-01,439,6892,439
2015-04-02,524,6892,524
2015-04-03,601,6892,601
2015-04-04,536,6892,536
2015-04-05,426,6892,426
2015-04-06,352,6892,352
2015-04-07,476,6892,476
2015-04-08,411,6892,411
2015-04-09,317,6892,317
2015-04-10,65,6892,65
2015-04-11,109,6892,109
2015-04-12,409,6892,409
2015-04-13,316,6892,316
2015-04-14,530,6892,530
2015-04-15,488,6892,488
2015-04-16,479,6892,479
2015-04-17,482,6892,482
2015-04-18,438,6892,438
2015-04-19,380,6892,380
2015-04-20,373,6892,373
2015-04-21,367,6892,367
2015-04-22,261,6892,261
2015-04-23,283,6892,283
2015-04-24,453,6892,453
2015-04-25,387,6892,387
2015-04-26,422,6892,422
2015-04-27,298,6892,298
2015-04-28,258,6892,258
2015-04-29,144,6892,144
2015-04-30,146,6892,146
2015-05-01,66,6892,66
2015-05-02,113,6892,113
2015-05-03,144,6892,144
2015-05-04,76,6892,76
2015-05-05,3,6892,3
2015-05-06,19,6892,19
2015-05-07,0,6892,0
2015-05-08,0,6892,0
2015-05-09,0,6892,0
2015-05-10,0,6892,0
2015-05-11,0,6892,0
2015-05-12,0,6892,0
2015-05-13,0,6892,0
2015-05-14,8,6892,8
2015-05-15,37,6892,37
2015-05-16,39,6892,39
2015-05-17,1,6892,1
2015-05-18,0,6892,0
2015-05-19,0,6892,0
2015-05-20,0,6892,0
2015-05-21,0,6892,0
2015-05-22,0,6892,0
2015-05-23,0,6892,0
2015-05-24,0,6892,0
2015-05-25,0,6892,0
2015-05-26,0,6892,0
2015-05-27,0,6892,0
2015-05-28,0,6892,0
2015-05-29,0,6892,0
2015-05-30,0,6892,0
2015-05-31,0,6892,0
2015-06-01,0,6892,0
2015-06-02,0,6892,0
2015-06-03,0,6892,0
2015-06-04,0,6892,0
2015-06-05,0,6892,0
2015-06-06,0,6892,0
2015-06-07,0,6892,0
2015-06-08,0,6892,0
2015-06-09,0,6892,0
2015-06-10,0,6892,0
2015-06-11,8,6892,8
2015-06-12,3,6892,3
2015-06-13,0,6892,0
2015-06-14,0,6892,0
2015-06-15,0,6892,0
2015-06-16,0,6892,0
2015-06-17,0,6892,0
2015-06-18,0,6892,0
2015-06-19,0,6892,0
2015-06-20,0,6892,0
2015-06-21,0,6892,0
2015-06-22,0,6892,0
2015-06-23,0,6892,0
2015-06-24,0,6892,0
2015-06-25,0,6892,0
2015-06-26,0,6892,0
2015-06-27,0,6892,0
2015-06-28,0,6892,0
2015-06-29,0,6892,0
2015-06-30,0,6892,0
2015-07-01,0,8890,0
2015-07-02,0,8890,0
2015-07-03,0,8890,0
2015-07-04,0,8890,0
2015-07-05,0,8890,0
2015-07-06,0,8890,0
2015-07-07,0,8890,0
2015-07-08,0,8890,0
2015-07-09,0,8890,0
2015-07-10,0,8890,0
2015-07-11,0,8890,0
2015-07-12,0,8890,0
2015-07-13,0,8890,0
2015-07-14,0,8890,0
2015-07-15,0,8890,0
2015-07-16,0,8890,0
2015-07-17,0,8890,0
2015-07-18,0,8890,0
2015-07-19,0,8890,0
2015-07-20,0,8890,0
2015-07-21,0,8890,0
2015-07-22,0,8890,0
2015-07-23,0,8890,0
2015-07-24,0,8890,0
2015-07-25,0,8890,0
2015-07-26,0,8890,0
2015-07-27,0,8890,0
2015-07-28,0,8890,0
2015-07-29,0,8890,0
2015-07-30,0,8890,0
2015-07-31,0,8890,0
2015-08-01,0,9142,0
2015-08-02,0,9142,0
2015-08-03,0,9142,0
2015-08-04,0,9142,0
2015-08-05,0,9142,0
2015-08-06,0,9142,0
2015-08-07,0,9142,0
2015-08-08,0,9142,0
2015-08-09,0,9142,0
2015-08-10,0,9142,0
2015-08-11,0,9142,0
2015-08-12,0,9142,0
2015-08-13,0,9142,0
2015-08-14,0,9142,0
2015-08-15,0,9142,0
2015-08-16,0,9142,0
2015-08-17,0,9142,0
2015-08-18,0,9142,0
2015-08-19,0,9142,0
2015-08-20,0,9142,0
2015-08-21,0,9142,0
2015-08-22,0,9142,0
2015-08-23,0,9142,0
2015-08-24,0,9142,0
2015-08-25,0,9142,0
2015-08-26,0,9142,0
2015-08-27,0,9142,0
2015-08-28,0,9142,0
2015-08-29,0,9142,0
2015-08-30,0,9142,0
2015-08-31,0,9142,0
2015-09-01,0,8950,0
2015-09-02,0,8950,0
2015-09-03,0,8950,0
2015-09-04,0,8950,0
2015-09-05,0,8950,0
2015-09-06,0,8950,0
2015-09-07,0,8950,0
2015-09-08,0,8950,0
2015-09-09,0,8950,0
2015-09-10,0,8950,0
2015-09-11,0,8950,0
2015-09-12,0,8950,0
2015-09-13,0,8950,0
2015-09-14,0,8950,0
2015-09-15,0,8950,0
2015-09-16,0,8950,0
2015-09-17,0,8950,0
2015-09-18,0,8950,0
2015-09-19,0,8950,0
2015-09-20,0,8950,0
2015-09-21,0,8950,0
2015-09-22,0,8950,0
2015-09-23,0,8950,0
2015-09-24,0,8950,0
2015-09-25,0,8950,0
2015-09-26,0,8950,0
2015-09-27,0,8950,0
2015-09-28,0,8950,0
2015-09-29,0,8950,0
2015-09-30,0,8950,0
2015-10-01,0,5445,0
2015-10-02,0,5445,0
2015-10-03,0,5445,0
2015-10-04,0,5445,0
2015-10-05,0,5445,0
2015-10-06,0,5445,0
2015-10-07,0,5445,0
2015-10-08,0,5445,0
2015-10-09,0,5445,0
2015-10-10,0,5445,0
2015-10-11,0,5445,0
2015-10-12,0,5445,0
2015-10-13,0,5445,0
2015-10-14,0,5445,0
2015-10-15,0,5445,0
2015-10-16,0,5445,0
2015-10-17,0,5445,0
2015-10-18,0,5445,0
2015-10-19,0,5445,0
2015-10-20,0,5445,0
2015-10-21,0,5445,0
2015-10-22,0,5445,0
2015-10-23,0,5445,0
2015-10-24,0,5445,0
2015-10-25,0,5445,0
2015-10-26,0,5445,0
2015-10-27,0,5445,0
2015-10-28,0,5445,0
2015-10-29,0,5445,0
2015-10-30,0,5445,0
2015-10-31,0,5445,0
2015-11-01,0,0,0
2015-11-02,0,0,0
2015-11-03,0,0,0
2015-11-04,0,0,0
2015-11-05,0,0,0
2015-11-06,0,0,0
2015-11-07,3,0,0
2015-11-08,3,0,0
2015-11-09,6,0,0
2015-11-10,4,0,0
2015-11-11,10,0,0
2015-11-12,14,0,0
2015-11-13,23,0,0
2015-11-14,13,0,0
2015-11-15,26,0,0
2015-11-16,29,0,0
2015-11-17,45,0,0
2015-11-18,45,0,0
2015-11-19,74,0,0
2015-11-20,46,0,0
2015-11-21,89,0,0
2015-11-22,113,0,0
2015-11-23,88,0,0
2015-11-24,113,0,0
2015-11-25,137,0,0
2015-11-26,125,0,0
2015-11-27,93,0,0
2015-11-28,159,0,0
2015-11-29,225,0,0
2015-11-30,186,0,0
2015-12-01,303,0,0
2015-12-02,304,0,0
2015-12-03,301,0,0
2015-12-04,297,0,0
2015-12-05,540,0,0
2015-12-06,580,0,0
2015-12-07,489,0,0
2015-12-08,429,0,0
2015-12-09,423,0,0
2015-12-10,384,0,0
2015-12-11,419,0,0
2015-12-12,586,0,0
2015-12-13,582,0,0
2015-12-14,1133,0,0
2015-12-15,1078,0,0
2015-12-16,1113,0,0
2015-12-17,731,0,0
2015-12-18,478,0,0
2015-12-19,577,0,0
2015-12-20,532,0,0
2015-12-21,585,0,0
2015-12-22,352,0,0
2015-12-23,102,0,0
2015-12-24,164,0,0
2015-12-25,30,0,0
2015-12-26,172,0,0
2015-12-27,279,0,0
2015-12-28,295,0,0
2015-12-29,362,0,0
2015-12-30,213,0,0
2015-12-31,311,0,0
2016-01-01,796,0,0
2016-01-02,839,0,0
2016-01-03,1040,0,0
2016-01-04,795,0,0
2016-01-05,699,0,0
2016-01-06,558,0,0
2016-01-07,467,0,0
2016-01-08,345,0,0
2016-01-09,345,0,0
2016-01-10,364,0,0
2016-01-11,367,0,0
2016-01-12,758,0,0
2016-01-13,746,0,0
2016-01-14,728,0,0
2016-01-15,508,0,0
2016-01-16,353,0,0
2016-01-17,400,0,0
2016-01-18,463,0,0
2016-01-19,605,0,0
2016-01-20,692,0,0
2016-01-21,600,0,0
2016-01-22,717,0,0
2016-01-23,1081,0,0
2016-01-24,938,0,0
2016-01-25,836,0,0
2016-01-26,697,0,0
2016-01-27,652,0,0
2016-01-28,607,0,0
2016-01-29,530,0,0
2016-01-30,424,0,0
2016-01-31,690,0,0
2016-02-01,1115,0,0
2016-02-02,1004,0,0
2016-02-03,1223,0,0
2016-02-04,1291,0,0
2016-02-05,1492,0,0
2016-02-06,1907,0,0
2016-02-07,2373,0,0
2016-02-08,2305,0,0
2016-02-09,2035,0,0
2016-02-10,2460,0,0
2016-02-11,2332,0,0
2016-02-12,2122,0,0
2016-02-13,1685,0,0
2016-02-14,1802,0,0
2016-02-15,1667,0,0
2016-02-16,1672,0,0
2016-02-17,1388,0,0
2016-02-18,1146,0,0
2016-02-19,949,0,0
2016-02-20,1320,0,0
2016-02-21,1499,0,0
2016-02-22,1244,0,0
2016-02-23,1750,0,0
2016-02-24,1888,0,0
2016-02-25,1902,0,0
2016-02-26,1715,0,0
2016-02-27,1665,0,0
2016-02-28,1748,0,0
2016-02-29,1987,0,0
2016-03-01,1378,0,0
2016-03-02,1123,0,0
2016-03-03,1107,0,0
2016-03-04,1162,0,0
2016-03-05,1177,0,0
2016-03-06,1096,0,0
2016-03-07,885,0,0
2016-03-08,726,0,0
2016-03-09,754,0,0
2016-03-10,637,0,0
2016-03-11,653,0,0
2016-03-12,860,0,0
2016-03-13,865,0,0
2016-03-14,718,0,0
2016-03-15,460,0,0
2016-03-16,343,0,0
2016-03-17,416,0,0
2016-03-18,401,0,0
2016-03-19,342,0,0
2016-03-20,282,0,0
2016-03-21,312,0,0
2016-03-22,488,0,0
2016-03-23,519,0,0
2016-03-24,509,0,0
2016-03-25,804,0,0
2016-03-26,643,0,0
2016-03-27,401,0,0
2016-03-28,499,0,0
2016-03-29,667,0,0
2016-03-30,934,0,0
2016-03-31,878,0,0
2016-04-01,463,0,0
2016-04-02,366,0,0
2016-04-03,285,0,0
2016-04-04,312,0,0
2016-04-05,331,0,0
2016-04-06,208,0,0
2016-04-07,164,0,0
2016-04-08,69,0,0
2016-04-09,160,0,0
2016-04-10,194,0,0
2016-04-11,224,0,0
2016-04-12,459,0,0
2016-04-13,418,0,0
2016-04-14,573,0,0
2016-04-15,524,0,0
2016-04-16,444,0,0
2016-04-17,472,0,0
2016-04-18,294,0,0
2016-04-19,363,0,0
2016-04-20,649,0,0
2016-04-21,504,0,0
2016-04-22,348,0,0
2016-04-23,306,0,0
2016-04-24,212,0,0
2016-04-25,203,0,0
2016-04-26,248,0,0
2016-04-27,180,0,0
2016-04-28,142,0,0
2016-04-29,116,0,0
2016-04-30,151,0,0
2016-05-01,0,2,0
2016-05-02,0,2,0
2016-05-03,1,2,1
2016-05-04,3,2,2
2016-05-05,0,2,0
2016-05-06,0,2,0
2016-05-07,0,2,0
2016-05-08,47,2,2
2016-05-09,49,2,2
2016-05-10,9,2,2
2016-05-11,0,2,0
2016-05-12,0,2,0
2016-05-13,0,2,0
2016-05-14,0,2,0
2016-05-15,0,2,0
2016-05-16,3,2,2
2016-05-17,3,2,2
2016-05-18,0,2,0
2016-05-19,0,2,0
2016-05-20,0,2,0
2016-05-21,0,2,0
2016-05-22,1,2,1
2016-05-23,3,2,2
2016-05-24,0,2,0
2016-05-25,0,2,0
2016-05-26,0,2,0
2016-05-27,0,2,0
2016-05-28,0,2,0
2016-05-29,143,2,2
2016-05-30,182,2,2
2016-05-31,33,2,2
2016-06-01,0,115,0
2016-06-02,0,115,0
2016-06-03,0,115,0
2016-06-04,0,115,0
2016-06-05,0,115,0
2016-06-06,0,115,0
2016-06-07,5,115,5
2016-06-08,15,115,15
2016-06-09,0,115,0
2016-06-10,0,115,0
2016-06-11,0,115,0
2016-06-12,0,115,0
2016-06-13,0,115,0
2016-06-14,0,115,0
2016-06-15,0,115,0
2016-06-16,0,115,0
2016-06-17,4,115,4
2016-06-18,11,115,11
2016-06-19,18,115,18
2016-06-20,0,115,0
2016-06-21,3,115,3
2016-06-22,0,115,0
2016-06-23,0,115,0
2016-06-24,0,115,0
2016-06-25,3,115,3
2016-06-26,0,115,0
2016-06-27,0,115,0
2016-06-28,0,115,0
2016-06-29,0,115,0
2016-06-30,0,115,0
2016-07-01,0,288,0
2016-07-02,0,288,0
2016-07-03,0,288,0
2016-07-04,0,288,0
2016-07-05,0,288,0
2016-07-06,0,288,0
2016-07-07,0,288,0
2016-07-08,0,288,0
2016-07-09,0,288,0
2016-07-10,0,288,0
2016-07-11,0,288,0
2016-07-12,1,288,1
2016-07-13,0,288,0
2016-07-14,0,288,0
2016-07-15,0,288,0
2016-07-16,0,288,0
2016-07-17,0,288,0
2016-07-18,3,288,3
2016-07-19,0,288,0
2016-07-20,0,288,0
2016-07-21,0,288,0
2016-07-22,0,288,0
2016-07-23,0,288,0
2016-07-24,0,288,0
2016-07-25,0,288,0
2016-07-26,0,288,0
2016-07-27,0,288,0
2016-07-28,0,288,0
2016-07-29,0,288,0
2016-07-30,0,288,0
2016-07-31,0,288,0
2016-08-01,0,576,0
2016-08-02,0,576,0
2016-08-03,0,576,0
2016-08-04,0,576,0
2016-08-05,0,576,0
2016-08-06,0,576,0
2016-08-07,0,576,0
2016-08-08,0,576,0
2016-08-09,0,576,0
2016-08-10,0,576,0
2016-08-11,0,576,0
2016-08-12,0,576,0
2016-08-13,63,576,63
2016-08-14,23,576,23
2016-08-15,6,576,6
2016-08-16,3,576,3
2016-08-17,1,576,1
2016-08-18,0,576,0
2016-08-19,0,576,0
2016-08-20,0,576,0
2016-08-21,0,576,0
2016-08-22,0,576,0
2016-08-23,0,576,0
2016-08-24,0,576,0
2016-08-25,0,576,0
2016-08-26,0,576,0
2016-08-27,0,576,0
2016-08-28,0,576,0
2016-08-29,0,576,0
2016-08-30,1,576,1
2016-08-31,0,576,0
2016-09-01,3,0,0
2016-09-02,1,0,0
2016-09-03,0,0,0
2016-09-04,0,0,0
2016-09-05,0,0,0
2016-09-06,2,0,0
2016-09-07,7,0,0
2016-09-08,56,0,0
2016-09-09,94,0,0
2016-09-10,114,0,0
2016-09-11,48,0,0
2016-09-12,23,0,0
2016-09-13,28,0,0
2016-09-14,41,0,0
2016-09-15,27,0,0
2016-09-16,39,0,0
2016-09-17,84,0,0
2016-09-18,54,0,0
2016-09-19,52,0,0
2016-09-20,35,0,0
2016-09-21,63,0,0
2016-09-22,66,0,0
2016-09-23,82,0,0
2016-09-24,98,0,0
2016-09-25,100,0,0
2016-09-26,108,0,0
2016-09-27,234,0,0
2016-09-28,285,0,0
2016-09-29,122,0,0
2016-09-30,105,0,0
2016-10-01,312,0,0
2016-10-02,419,0,0
2016-10-03,383,0,0
2016-10-04,564,0,0
2016-10-05,421,0,0
2016-10-06,430,0,0
2016-10-07,464,0,0
2016-10-08,942,0,0
2016-10-09,1132,0,0
2016-10-10,1099,0,0
2016-10-11,817,0,0
2016-10-12,864,0,0
2016-10-13,776,0,0
2016-10-14,821,0,0
2016-10-15,768,0,0
2016-10-16,323,0,0
2016-10-17,368,0,0
2016-10-18,242,0,0
2016-10-19,275,0,0
2016-10-20,436,0,0
2016-10-21,526,0,0
2016-10-22,1032,0,0
2016-10-23,1824,0,0
2016-10-24,1408,0,0
2016-10-25,1110,0,0
2016-10-26,1216,0,0
2016-10-27,1321,0,0
2016-10-28,1351,0,0
2016-10-29,1130,0,0
2016-10-30,732,0,0
2016-10-31,776,0,0
2016-11-01,682,0,0
2016-11-02,803,0,0
2016-11-03,696,0,0
2016-11-04,484,0,0
2016-11-05,506,0,0
2016-11-06,404,0,0
2016-11-07,527,0,0
2016-11-08,601,0,0
2016-11-09,888,0,0
2016-11-10,1029,0,0
2016-11-11,1096,0,0
2016-11-12,931,0,0
2016-11-13,1100,0,0
2016-11-14,866,0,0
2016-11-15,1027,0,0
2016-11-16,757,0,0
2016-11-17,723,0,0
2016-11-18,789,0,0
2016-11-19,660,0,0
2016-11-20,749,0,0
2016-11-21,750,0,0
2016-11-22,711,0,0
2016-11-23,880,0,0
2016-11-24,939,0,0
2016-11-25,864,0,0
2016-11-26,678,0,0
2016-11-27,761,0,0
2016-11-28,893,0,0
2016-11-29,722,0,0
2016-11-30,624,0,0
2016-12-01,491,0,0
2016-12-02,683,0,0
2016-12-03,525,0,0
2016-12-04,580,0,0
2016-12-05,515,0,0
2016-12-06,803,0,0
2016-12-07,738,0,0
2016-12-08,727,0,0
2016-12-09,562,0,0
2016-12-10,485,0,0
2016-12-11,607,0,0
2016-12-12,574,0,0
2016-12-13,541,0,0
2016-12-14,454,0,0
2016-12-15,494,0,0
2016-12-16,449,0,0
2016-12-17,414,0,0
2016-12-18,478,0,0
2016-12-19,391,0,0
2016-12-20,115,0,0
2016-12-21,150,0,0
2016-12-22,71,0,0
2016-12-23,33,0,0
2016-12-24,0,0,0
2016-12-25,0,0,0
2016-12-26,131,0,0
2016-12-27,118,0,0
2016-12-28,76,0,0
2016-12-29,97,0,0
2016-12-30,294,0,0
2016-12-31,364,0,0
2017-01-01,404,0,0
2017-01-02,385,0,0
2017-01-03,535,0,0
2017-01-04,605,0,0
2017-01-05,559,0,0
2017-01-06,374,0,0
2017-01-07,340,0,0
2017-01-08,261,0,0
2017-01-09,333,0,0
2017-01-10,403,0,0
2017-01-11,404,0,0
2017-01-12,466,0,0
2017-01-13,435,0,0
2017-01-14,504,0,0
2017-01-15,403,0,0
2017-01-16,451,0,0
2017-01-17,332,0,0
2017-01-18,236,0,0
2017-01-19,237,0,0
2017-01-20,371,0,0
2017-01-21,464,0,0
2017-01-22,592,0,0
2017-01-23,483,0,0
2017-01-24,538,0,0
2017-01-25,552,0,0
2017-01-26,495,0,0
2017-01-27,456,0,0
2017-01-28,468,0,0
2017-01-29,522,0,0
2017-01-30,481,0,0
2017-01-31,666,0,0
2017-02-01,1242,0,0
2017-02-02,1115,0,0
2017-02-03,1000,0,0
2017-02-04,879,0,0
2017-02-05,684,0,0
2017-02-06,700,0,0
2017-02-07,661,0,0
2017-02-08,619,0,0
2017-02-09,779,0,0
2017-02-10,886,0,0
2017-02-11,1089,0,0
2017-02-12,1046,0,0
2017-02-13,1166,0,0
2017-02-14,1492,0,0
2017-02-15,1573,0,0
2017-02-16,1383,0,0
2017-02-17,1107,0,0
2017-02-18,1005,0,0
2017-02-19,945,0,0
2017-02-20,1032,0,0
2017-02-21,1181,0,0
2017-02-22,1055,0,0
2017-02-23,1065,0,0
2017-02-24,936,0,0
2017-02-25,1435,0,0
2017-02-26,1239,0,0
2017-02-27,1375,0,0
2017-02-28,1505,0,0
2017-03-01,1217,0,0
2017-03-02,1155,0,0
2017-03-03,1078,0,0
2017-03-04,825,0,0
2017-03-05,657,0,0
2017-03-06,890,0,0
2017-03-07,1074,0,0
2017-03-08,711,0,0
2017-03-09,494,0,0
2017-03-10,482,0,0
2017-03-11,405,0,0
2017-03-12,395,0,0
2017-03-13,239,0,0
2017-03-14,234,0,0
2017-03-15,328,0,0
2017-03-16,188,0,0
2017-03-17,362,0,0
2017-03-18,699,0,0
2017-03-19,609,0,0
2017-03-20,669,0,0
2017-03-21,643,0,0
2017-03-22,658,0,0
2017-03-23,570,0,0
2017-03-24,458,0,0
2017-03-25,423,0,0
2017-03-26,517,0,0
2017-03-27,518,0,0
2017-03-28,421,0,0
2017-03-29,337,0,0
2017-03-30,428,0,0
2017-03-31,542,0,0
2017-04-01,329,0,0
2017-04-02,193,0,0
2017-04-03,352,0,0
2017-04-04,302,0,0
2017-04-05,216,0,0
2017-04-06,232,0,0
2017-04-07,135,0,0
2017-04-08,169,0,0
2017-04-09,225,0,0
2017-04-10,224,0,0
2017-04-11,581,0,0
2017-04-12,454,0,0
2017-04-13,277,0,0
2017-04-14,178,0,0
2017-04-15,179,0,0
2017-04-16,123,0,0
2017-04-17,63,0,0
2017-04-18,104,0,0
2017-04-19,115,0,0
2017-04-20,102,0,0
2017-04-21,140,0,0
2017-04-22,296,0,0
2017-04-23,230,0,0
2017-04-24,164,0,0
2017-04-25,88,0,0
2017-04-26,140,0,0
2017-04-27,199,0,0
2017-04-28,244,0,0
2017-04-29,156,0,0
2017-04-30,131,0,0
2017-05-01,1,0,0
2017-05-02,6,0,0
2017-05-03,5,0,0
2017-05-04,23,0,0
2017-05-05,15,0,0
2017-05-06,13,0,0
2017-05-07,16,0,0
2017-05-08,10,0,0
2017-05-09,1,0,0
2017-05-10,1,0,0
2017-05-11,0,0,0
2017-05-12,0,0,0
2017-05-13,0,0,0
2017-05-14,0,0,0
2017-05-15,0,0,0
2017-05-16,0,0,0
2017-05-17,0,0,0
2017-05-18,0,0,0
2017-05-19,0,0,0
2017-05-20,0,0,0
2017-05-21,0,0,0
2017-05-22,0,0,0
2017-05-23,0,0,0
2017-05-24,0,0,0
2017-05-25,0,0,0
2017-05-26,0,0,0
2017-05-27,0,0,0
2017-05-28,59,0,0
2017-05-29,76,0,0
2017-05-30,48,0,0
2017-05-31,7,0,0
2017-06-01,57,628,57
2017-06-02,74,628,74
2017-06-03,44,628,44
2017-06-04,8,628,8
2017-06-05,0,628,0
2017-06-06,0,628,0
2017-06-07,0,628,0
2017-06-08,0,628,0
2017-06-09,0,628,0
2017-06-10,0,628,0
2017-06-11,0,628,0
2017-06-12,0,628,0
2017-06-13,0,628,0
2017-06-14,0,628,0
2017-06-15,3,628,3
2017-06-16,0,628,0
2017-06-17,0,628,0
2017-06-18,0,628,0
2017-06-19,0,628,0
2017-06-20,0,628,0
2017-06-21,0,628,0
2017-06-22,0,628,0
2017-06-23,0,628,0
2017-06-24,0,628,0
2017-06-25,0,628,0
2017-06-26,15,628,15
2017-06-27,1,628,1
2017-06-28,1,628,1
2017-06-29,0,628,0
2017-06-30,19,628,19
2017-07-01,1,5296,1
2017-07-02,0,5296,0
2017-07-03,0,5296,0
2017-07-04,0,5296,0
2017-07-05,0,5296,0
2017-07-06,0,5296,0
2017-07-07,0,5296,0
2017-07-08,0,5296,0
2017-07-09,0,5296,0
2017-07-10,0,5296,0
2017-07-11,0,5296,0
2017-07-12,0,5296,0
2017-07-13,0,5296,0
2017-07-14,0,5296,0
2017-07-15,0,5296,0
2017-07-16,0,5296,0
2017-07-17,0,5296,0
2017-07-18,0,5296,0
2017-07-19,0,5296,0
2017-07-20,0,5296,0
2017-07-21,0,5296,0
2017-07-22,0,5296,0
2017-07-23,0,5296,0
2017-07-24,0,5296,0
2017-07-25,0,5296,0
2017-07-26,0,5296,0
2017-07-27,0,5296,0
2017-07-28,0,5296,0
2017-07-29,0,5296,0
2017-07-30,0,5296,0
2017-07-31,0,5296,0
2017-08-01,0,8604,0
2017-08-02,0,8604,0
2017-08-03,0,8604,0
2017-08-04,0,8604,0
2017-08-05,0,8604,0
2017-08-06,0,8604,0
2017-08-07,0,8604,0
2017-08-08,0,8604,0
2017-08-09,0,8604,0
2017-08-10,0,8604,0
2017-08-11,0,8604,0
2017-08-12,0,8604,0
2017-08-13,0,8604,0
2017-08-14,0,8604,0
2017-08-15,0,8604,0
2017-08-16,0,8604,0
2017-08-17,0,8604,0
2017-08-18,0,8604,0
2017-08-19,0,8604,0
2017-08-20,0,8604,0
2017-08-21,0,8604,0
2017-08-22,0,8604,0
2017-08-23,0,8604,0
2017-08-24,0,8604,0
2017-08-25,0,8604,0
2017-08-26,0,8604,0
2017-08-27,0,8604,0
2017-08-28,0,8604,0
2017-08-29,0,8604,0
2017-08-30,0,8604,0
2017-08-31,0,8604,0
2017-09-01,0,1948,0
2017-09-02,0,1948,0
2017-09-03,0,1948,0
2017-09-04,0,1948,0
2017-09-05,0,1948,0
2017-09-06,0,1948,0
2017-09-07,0,1948,0
2017-09-08,0,1948,0
2017-09-09,0,1948,0
2017-09-10,0,1948,0
2017-09-11,0,1948,0
2017-09-12,0,1948,0
2017-09-13,0,1948,0
2017-09-14,0,1948,0
2017-09-15,0,1948,0
2017-09-16,0,1948,0
2017-09-17,0,1948,0
2017-09-18,0,1948,0
2017-09-19,0,1948,0
2017-09-20,0,1948,0
2017-09-21,0,1948,0
2017-09-22,0,1948,0
2017-09-23,0,1948,0
2017-09-24,0,1948,0
2017-09-25,0,1948,0
2017-09-26,0,1948,0
2017-09-27,4,1948,4
2017-09-28,0,1948,0
2017-09-29,12,1948,12
2017-09-30,12,1948,12
2017-10-01,32,0,0
2017-10-02,23,0,0
2017-10-03,20,0,0
2017-10-04,56,0,0
2017-10-05,41,0,0
2017-10-06,54,0,0
2017-10-07,63,0,0
2017-10-08,62,0,0
2017-10-09,81,0,0
2017-10-10,81,0,0
2017-10-11,75,0,0
2017-10-12,88,0,0
2017-10-13,50,0,0
2017-10-14,65,0,0
2017-10-15,49,0,0
2017-10-16,401,0,0
2017-10-17,263,0,0
2017-10-18,338,0,0
2017-10-19,247,0,0
2017-10-20,193,0,0
2017-10-21,190,0,0
2017-10-22,191,0,0
2017-10-23,151,0,0
2017-10-24,96,0,0
2017-10-25,127,0,0
2017-10-26,150,0,0
2017-10-27,185,0,0
2017-10-28,277,0,0
2017-10-29,173,0,0
2017-10-30,133,0,0
2017-10-31,84,0,0
2017-11-01,11,0,0
2017-11-02,17,0,0
2017-11-03,16,0,0
2017-11-04,51,0,0
2017-11-05,119,0,0
2017-11-06,238,0,0
2017-11-07,268,0,0
2017-11-08,254,0,0
2017-11-09,272,0,0
2017-11-10,171,0,0
2017-11-11,150,0,0
2017-11-12,176,0,0
2017-11-13,238,0,0
2017-11-14,412,0,0
2017-11-15,242,0,0
2017-11-16,416,0,0
2017-11-17,430,0,0
2017-11-18,435,0,0
2017-11-19,426,0,0
2017-11-20,303,0,0
2017-11-21,366,0,0
2017-11-22,381,0,0
2017-11-23,341,0,0
2017-11-24,327,0,0
2017-11-25,238,0,0
2017-11-26,356,0,0
2017-11-27,464,0,0
2017-11-28,482,0,0
2017-11-29,349,0,0
2017-11-30,447,0,0
2017-12-01,200,0,0
2017-12-02,66,0,0
2017-12-03,36,0,0
2017-12-04,77,0,0
2017-12-05,32,0,0
2017-12-06,45,0,0
2017-12-07,107,0,0
2017-12-08,180,0,0
2017-12-09,308,0,0
2017-12-10,401,0,0
2017-12-11,441,0,0
2017-12-12,410,0,0
2017-12-13,322,0,0
2017-12-14,198,0,0
2017-12-15,308,0,0
2017-12-16,357,0,0
2017-12-17,383,0,0
2017-12-18,394,0,0
2017-12-19,425,0,0
2017-12-20,399,0,0
2017-12-21,214,0,0
2017-12-22,199,0,0
2017-12-23,43,0,0
2017-12-24,6,0,0
2017-12-25,6,0,0
2017-12-26,38,0,0
2017-12-27,30,0,0
2017-12-28,1,0,0
2017-12-29,11,0,0
2017-12-30,201,0,0
2017-12-31,271,0,0
2018-01-01,266,0,0
2018-01-02,309,0,0
2018-01-03,316,0,0
2018-01-04,709,0,0
2018-01-05,996,0,0
2018-01-06,759,0,0
2018-01-07,622,0,0
2018-01-08,514,0,0
2018-01-09,567,0,0
2018-01-10,651,0,0
2018-01-11,428,0,0
2018-01-12,280,0,0
2018-01-13,232,0,0
2018-01-14,355,0,0
2018-01-15,311,0,0
2018-01-16,178,0,0
2018-01-17,131,0,0
2018-01-18,319,0,0
2018-01-19,344,0,0
2018-01-20,226,0,0
2018-01-21,199,0,0
2018-01-22,204,0,0
2018-01-23,260,0,0
2018-01-24,331,0,0
2018-01-25,229,0,0
2018-01-26,271,0,0
2018-01-27,235,0,0
2018-01-28,258,0,0
2018-01-29,284,0,0
2018-01-30,337,0,0
2018-01-31,320,0,0
2018-02-01,472,0,0
2018-02-02,487,0,0
2018-02-03,571,0,0
2018-02-04,637,0,0
2018-02-05,856,0,0
2018-02-06,1023,0,0
2018-02-07,1023,0,0
2018-02-08,1057,0,0
2018-02-09,1013,0,0
2018-02-10,912,0,0
2018-02-11,860,0,0
2018-02-12,856,0,0
2018-02-13,752,0,0
2018-02-14,844,0,0
2018-02-15,1202,0,0
2018-02-16,1052,0,0
2018-02-17,722,0,0
2018-02-18,748,0,0
2018-02-19,874,0,0
2018-02-20,981,0,0
2018-02-21,1130,0,0
2018-02-22,920,0,0
2018-02-23,1128,0,0
2018-02-24,1234,0,0
2018-02-25,1157,0,0
2018-02-26,1146,0,0
2018-02-27,1125,0,0
2018-02-28,1116,0,0
2018-03-01,854,0,0
2018-03-02,625,0,0
2018-03-03,662,0,0
2018-03-04,568,0,0
2018-03-05,656,0,0
2018-03-06,602,0,0
2018-03-07,857,0,0
2018-03-08,780,0,0
2018-03-09,1114,0,0
2018-03-10,1078,0,0
2018-03-11,1356,0,0
2018-03-12,1014,0,0
2018-03-13,717,0,0
2018-03-14,575,0,0
2018-03-15,470,0,0
2018-03-16,558,0,0
2018-03-17,716,0,0
2018-03-18,503,0,0
2018-03-19,388,0,0
2018-03-20,291,0,0
2018-03-21,316,0,0
2018-03-22,395,0,0
2018-03-23,332,0,0
2018-03-24,515,0,0
2018-03-25,554,0,0
2018-03-26,677,0,0
2018-03-27,716,0,0
2018-03-28,431,0,0
2018-03-29,267,0,0
2018-03-30,270,0,0
2018-03-31,205,0,0
2018-04-01,65,0,0
2018-04-02,98,0,0
2018-04-03,155,0,0
2018-04-04,59,0,0
2018-04-05,60,0,0
2018-04-06,46,0,0
2018-04-07,153,0,0
2018-04-08,248,0,0
2018-04-09,157,0,0
2018-04-10,5,0,0
2018-04-11,1,0,0
2018-04-12,16,0,0
2018-04-13,16,0,0
2018-04-14,17,0,0
2018-04-15,10,0,0
2018-04-16,8,0,0
2018-04-17,11,0,0
2018-04-18,20,0,0
2018-04-19,12,0,0
2018-04-20,9,0,0
2018-04-21,9,0,0
2018-04-22,14,0,0
2018-04-23,65,0,0
2018-04-24,84,0,0
2018-04-25,128,0,0
2018-04-26,114,0,0
2018-04-27,110,0,0
2018-04-28,14,0,0
2018-04-29,2,0,0
2018-04-30,0,0,0
2018-05-01,0,110,0
2018-05-02,0,110,0
2018-05-03,0,110,0
2018-05-04,0,110,0
2018-05-05,0,110,0
2018-05-06,0,110,0
2018-05-07,0,110,0
2018-05-08,0,110,0
2018-05-09,0,110,0
2018-05-10,0,110,0
2018-05-11,0,110,0
2018-05-12,0,110,0
2018-05-13,0,110,0
2018-05-14,0,110,0
2018-05-15,0,110,0
2018-05-16,7,110,7
2018-05-17,4,110,4
2018-05-18,7,110,7
2018-05-19,10,110,10
2018-05-20,12,110,12
2018-05-21,1,110,1
2018-05-22,0,110,0
2018-05-23,8,110,8
2018-05-24,0,110,0
2018-05-25,0,110,0
2018-05-26,0,110,0
2018-05-27,0,110,0
2018-05-28,0,110,0
2018-05-29,0,110,0
2018-05-30,0,110,0
2018-05-31,0,110,0
2018-06-01,0,8768,0
2018-06-02,0,8768,0
2018-06-03,0,8768,0
2018-06-04,0,8768,0
2018-06-05,0,8768,0
2018-06-06,0,8768,0
2018-06-07,0,8768,0
2018-06-08,0,8768,0
2018-06-09,0,8768,0
2018-06-10,0,8768,0
2018-06-11,0,8768,0
2018-06-12,0,8768,0
2018-06-13,0,8768,0
2018-06-14,0,8768,0
2018-06-15,0,8768,0
2018-06-16,0,8768,0
2018-06-17,0,8768,0
2018-06-18,0,8768,0
2018-06-19,0,8768,0
2018-06-20,0,8768,0
2018-06-21,0,8768,0
2018-06-22,3,8768,3
2018-06-23,5,8768,5
2018-06-24,0,8768,0
2018-06-25,6,8768,6
2018-06-26,1,8768,1
2018-06-27,2,8768,2
2018-06-28,0,8768,0
2018-06-29,0,8768,0
2018-06-30,0,8768,0
2018-07-01,0,9146,0
2018-07-02,0,9146,0
2018-07-03,0,9146,0
2018-07-04,0,9146,0
2018-07-05,0,9146,0
2018-07-06,0,9146,0
2018-07-07,0,9146,0
2018-07-08,0,9146,0
2018-07-09,0,9146,0
2018-07-10,0,9146,0
2018-07-11,0,9146,0
2018-07-12,0,9146,0
2018-07-13,0,9146,0
2018-07-14,0,9146,0
2018-07-15,0,9146,0
2018-07-16,0,9146,0
2018-07-17,0,9146,0
2018-07-18,0,9146,0
2018-07-19,0,9146,0
2018-07-20,0,9146,0
2018-07-21,0,9146,0
2018-07-22,0,9146,0
2018-07-23,0,9146,0
2018-07-24,0,9146,0
2018-07-25,0,9146,0
2018-07-26,0,9146,0
2018-07-27,0,9146,0
2018-07-28,0,9146,0
2018-07-29,0,9146,0
2018-07-30,0,9146,0
2018-07-31,0,9146,0
2018-08-01,0,9143,0
2018-08-02,0,9143,0
2018-08-03,0,9143,0
2018-08-04,0,9143,0
2018-08-05,0,9143,0
2018-08-06,0,9143,0
2018-08-07,0,9143,0
2018-08-08,0,9143,0
2018-08-09,0,9143,0
2018-08-10,0,9143,0
2018-08-11,0,9143,0
2018-08-12,0,9143,0
2018-08-13,0,9143,0
2018-08-14,0,9143,0
2018-08-15,0,9143,0
2018-08-16,0,9143,0
2018-08-17,0,9143,0
2018-08-18,0,9143,0
2018-08-19,0,9143,0
2018-08-20,0,9143,0
2018-08-21,0,9143,0
2018-08-22,0,9143,0
2018-08-23,0,9143,0
2018-08-24,0,9143,0
2018-08-25,0,9143,0
2018-08-26,0,9143,0
2018-08-27,0,9143,0
2018-08-28,0,9143,0
2018-08-29,0,9143,0
2018-08-30,0,9143,0
2018-08-31,0,9143,0
2018-09-01,0,9012,0
2018-09-02,0,9012,0
2018-09-03,0,9012,0
2018-09-04,0,9012,0
2018-09-05,0,9012,0
2018-09-06,0,9012,0
2018-09-07,0,9012,0
2018-09-08,0,9012,0
2018-09-09,0,9012,0
2018-09-10,0,9012,0
2018-09-11,0,9012,0
2018-09-12,0,9012,0
2018-09-13,0,9012,0
2018-09-14,0,9012,0
2018-09-15,0,9012,0
2018-09-16,0,9012,0
2018-09-17,0,9012,0
2018-09-18,0,9012,0
2018-09-19,0,9012,0
2018-09-20,0,9012,0
2018-09-21,0,9012,0
2018-09-22,0,9012,0
2018-09-23,0,9012,0
2018-09-24,0,9012,0
2018-09-25,0,9012,0
2018-09-26,0,9012,0
2018-09-27,0,9012,0
2018-09-28,0,9012,0
2018-09-29,0,9012,0
2018-09-30,0,9012,0
2018-10-01,0,997,0
2018-10-02,0,997,0
2018-10-03,0,997,0
2018-10-04,0,997,0
2018-10-05,0,997,0
2018-10-06,0,997,0
2018-10-07,0,997,0
2018-10-08,0,997,0
2018-10-09,0,997,0
2018-10-10,0,997,0
2018-10-11,0,997,0
2018-10-12,0,997,0
2018-10-13,0,997,0
2018-10-14,0,997,0
2018-10-15,0,997,0
2018-10-16,0,997,0
2018-10-17,0,997,0
2018-10-18,0,997,0
2018-10-19,2,997,2
2018-10-20,1,997,1
2018-10-21,0,997,0
2018-10-22,0,997,0
2018-10-23,0,997,0
2018-10-24,4,997,4
2018-10-25,5,997,5
2018-10-26,4,997,4
2018-10-27,6,997,6
2018-10-28,8,997,8
2018-10-29,8,997,8
2018-10-30,6,997,6
2018-10-31,12,997,12
2018-11-01,27,0,0
2018-11-02,14,0,0
2018-11-03,21,0,0
2018-11-04,18,0,0
2018-11-05,28,0,0
2018-11-06,67,0,0
2018-11-07,130,0,0
2018-11-08,150,0,0
2018-11-09,153,0,0
2018-11-10,189,0,0
2018-11-11,288,0,0
2018-11-12,187,0,0
2018-11-13,184,0,0
2018-11-14,133,0,0
2018-11-15,77,0,0
2018-11-16,58,0,0
2018-11-17,202,0,0
2018-11-18,238,0,0
2018-11-19,185,0,0
2018-11-20,218,0,0
2018-11-21,306,0,0
2018-11-22,289,0,0
2018-11-23,229,0,0
2018-11-24,203,0,0
2018-11-25,290,0,0
2018-11-26,334,0,0
2018-11-27,395,0,0
2018-11-28,395,0,0
2018-11-29,742,0,0
2018-11-30,602,0,0
2018-12-01,384,0,0
2018-12-02,321,0,0
2018-12-03,484,0,0
2018-12-04,718,0,0
2018-12-05,707,0,0
2018-12-06,476,0,0
2018-12-07,360,0,0
2018-12-08,390,0,0
2018-12-09,213,0,0
2018-12-10,329,0,0
2018-12-11,308,0,0
2018-12-12,432,0,0
2018-12-13,283,0,0
2018-12-14,565,0,0
2018-12-15,400,0,0
2018-12-16,285,0,0
2018-12-17,117,0,0
2018-12-18,159,0,0
2018-12-19,120,0,0
2018-12-20,178,0,0
2018-12-21,89,0,0
2018-12-22,143,0,0
2018-12-23,268,0,0
2018-12-24,406,0,0
2018-12-25,519,0,0
2018-12-26,552,0,0
2018-12-27,308,0,0
2018-12-28,130,0,0
2018-12-29,77,0,0
2018-12-30,76,0,0
2018-12-31,118,0,0
2019-01-01,386,0,0
2019-01-02,416,0,0
2019-01-03,449,0,0
2019-01-04,318,0,0
2019-01-05,255,0,0
2019-01-06,199,0,0
2019-01-07,263,0,0
2019-01-08,415,0,0
2019-01-09,409,0,0
2019-01-10,347,0,0
2019-01-11,339,0,0
2019-01-12,423,0,0
2019-01-13,805,0,0
2019-01-14,709,0,0
2019-01-15,677,0,0
2019-01-16,631,0,0
2019-01-17,580,0,0
2019-01-18,603,0,0
2019-01-19,615,0,0
2019-01-20,572,0,0
2019-01-21,801,0,0
2019-01-22,978,0,0
2019-01-23,789,0,0
2019-01-24,652,0,0
2019-01-25,632,0,0
2019-01-26,605,0,0
2019-01-27,650,0,0
2019-01-28,596,0,0
2019-01-29,628,0,0
2019-01-30,710,0,0
2019-01-31,715,0,0
2019-02-01,1169,0,0
2019-02-02,1106,0,0
2019-02-03,1016,0,0
2019-02-04,894,0,0
2019-02-05,965,0,0
2019-02-06,869,0,0
2019-02-07,876,0,0
2019-02-08,1041,0,0
2019-02-09,1151,0,0
2019-02-10,1372,0,0
2019-02-11,1573,0,0
2019-02-12,1414,0,0
2019-02-13,1002,0,0
2019-02-14,988,0,0
2019-02-15,1314,0,0
2019-02-16,1441,0,0
2019-02-17,1367,0,0
2019-02-18,1243,0,0
2019-02-19,1068,0,0
2019-02-20,1252,0,0
2019-02-21,1486,0,0
2019-02-22,1384,0,0
2019-02-23,1315,0,0
2019-02-24,1146,0,0
2019-02-25,964,0,0
2019-02-26,766,0,0
2019-02-27,685,0,0
2019-02-28,714,0,0
2019-03-01,665,0,0
2019-03-02,875,0,0
2019-03-03,805,0,0
2019-03-04,536,0,0
2019-03-05,734,0,0
2019-03-06,1244,0,0
2019-03-07,1075,0,0
2019-03-08,652,0,0
2019-03-09,605,0,0
2019-03-10,501,0,0
2019-03-11,665,0,0
2019-03-12,779,0,0
2019-03-13,424,0,0
2019-03-14,283,0,0
2019-03-15,312,0,0
2019-03-16,461,0,0
2019-03-17,684,0,0
2019-03-18,717,0,0
2019-03-19,814,0,0
2019-03-20,636,0,0
2019-03-21,545,0,0
2019-03-22,551,0,0
2019-03-23,722,0,0
2019-03-24,594,0,0
2019-03-25,537,0,0
2019-03-26,601,0,0
2019-03-27,903,0,0
2019-03-28,1054,0,0
2019-03-29,708,0,0
2019-03-30,430,0,0
2019-03-31,444,0,0
2019-04-01,342,0,0
2019-04-02,319,0,0
2019-04-03,282,0,0
2019-04-04,298,0,0
2019-04-05,293,0,0
2019-04-06,240,0,0
2019-04-07,259,0,0
2019-04-08,289,0,0
2019-04-09,219,0,0
2019-04-10,202,0,0
2019-04-11,177,0,0
2019-04-12,203,0,0
2019-04-13,353,0,0
2019-04-14,383,0,0
2019-04-15,369,0,0
2019-04-16,336,0,0
2019-04-17,267,0,0
2019-04-18,201,0,0
2019-04-19,676,0,0
2019-04-20,319,0,0
2019-04-21,209,0,0
2019-04-22,18,0,0
2019-04-23,27,0,0
2019-04-24,107,0,0
2019-04-25,188,0,0
2019-04-26,608,0,0
2019-04-27,612,0,0
2019-04-28,719,0,0
2019-04-29,585,0,0
2019-04-30,646,0,0
2019-05-01,138,0,0
2019-05-02,66,0,0
2019-05-03,15,0,0
2019-05-04,11,0,0
2019-05-05,13,0,0
2019-05-06,2,0,0
2019-05-07,0,0,0
2019-05-08,0,0,0
2019-05-09,20,0,0
2019-05-10,85,0,0
2019-05-11,12,0,0
2019-05-12,4,0,0
2019-05-13,2,0,0
2019-05-14,1,0,0
2019-05-15,5,0,0
2019-05-16,13,0,0
2019-05-17,0,0,0
2019-05-18,0,0,0
2019-05-19,0,0,0
2019-05-20,0,0,0
2019-05-21,0,0,0
2019-05-22,0,0,0
2019-05-23,0,0,0
2019-05-24,0,0,0
2019-05-25,0,0,0
2019-05-26,0,0,0
2019-05-27,0,0,0
2019-05-28,0,0,0
2019-05-29,0,0,0
2019-05-30,0,0,0
2019-05-31,0,0,0
2019-06-01,0,8768,0
2019-06-02,0,8768,0
2019-06-03,0,8768,0
2019-06-04,0,8768,0
2019-06-05,0,8768,0
2019-06-06,0,8768,0
2019-06-07,0,8768,0
2019-06-08,0,8768,0
2019-06-09,0,8768,0
2019-06-10,0,8768,0
2019-06-11,0,8768,0
2019-06-12,0,8768,0
2019-06-13,0,8768,0
2019-06-14,0,8768,0
2019-06-15,0,8768,0
2019-06-16,0,8768,0
2019-06-17,0,8768,0
2019-06-18,0,8768,0
2019-06-19,0,8768,0
2019-06-20,0,8768,0
2019-06-21,0,8768,0
2019-06-22,0,8768,0
2019-06-23,0,8768,0
2019-06-24,0,8768,0
2019-06-25,0,8768,0
2019-06-26,0,8768,0
2019-06-27,0,8768,0
2019-06-28,0,8768,0
2019-06-29,0,8768,0
2019-06-30,0,8768,0
2019-07-01,0,9068,0
2019-07-02,0,9068,0
2019-07-03,0,9068,0
2019-07-04,0,9068,0
2019-07-05,0,9068,0
2019-07-06,0,9068,0
2019-07-07,0,9068,0
2019-07-08,0,9068,0
2019-07-09,0,9068,0
2019-07-10,0,9068,0
2019-07-11,0,9068,0
2019-07-12,0,9068,0
2019-07-13,0,9068,0
2019-07-14,0,9068,0
2019-07-15,0,9068,0
2019-07-16,0,9068,0
2019-07-17,0,9068,0
2019-07-18,0,9068,0
2019-07-19,0,9068,0
2019-07-20,0,9068,0
2019-07-21,0,9068,0
2019-07-22,0,9068,0
2019-07-23,0,9068,0
2019-07-24,0,9068,0
2019-07-25,0,9068,0
2019-07-26,0,9068,0
2019-07-27,0,9068,0
2019-07-28,0,9068,0
2019-07-29,0,9068,0
2019-07-30,0,9068,0
2019-07-31,0,9068,0
2019-08-01,0,9146,0
2019-08-02,0,9146,0
2019-08-03,0,9146,0
2019-08-04,0,9146,0
2019-08-05,0,9146,0
2019-08-06,0,9146,0
2019-08-07,0,9146,0
2019-08-08,0,9146,0
2019-08-09,0,9146,0
2019-08-10,0,9146,0
2019-08-11,0,9146,0
2019-08-12,0,9146,0
2019-08-13,0,9146,0
2019-08-14,0,9146,0
2019-08-15,0,9146,0
2019-08-16,0,9146,0
2019-08-17,0,9146,0
2019-08-18,0,9146,0
2019-08-19,0,9146,0
2019-08-20,0,9146,0
2019-08-21,0,9146,0
2019-08-22,0,9146,0
2019-08-23,0,9146,0
2019-08-24,0,9146,0
2019-08-25,0,9146,0
2019-08-26,0,9146,0
2019-08-27,0,9146,0
2019-08-28,0,9146,0
2019-08-29,0,9146,0
2019-08-30,0,9146,0
2019-08-31,0,9146,0
2019-09-01,0,9128,0
2019-09-02,0,9128,0
2019-09-03,0,9128,0
2019-09-04,0,9128,0
2019-09-05,0,9128,0
2019-09-06,0,9128,0
2019-09-07,0,9128,0
2019-09-08,0,9128,0
2019-09-09,0,9128,0
2019-09-10,0,9128,0
2019-09-11,0,9128,0
2019-09-12,0,9128,0
2019-09-13,0,9128,0
2019-09-14,0,9128,0
2019-09-15,0,9128,0
2019-09-16,0,9128,0
2019-09-17,0,9128,0
2019-09-18,0,9128,0
2019-09-19,0,9128,0
2019-09-20,0,9128,0
2019-09-21,0,9128,0
2019-09-22,0,9128,0
2019-09-23,0,9128,0
2019-09-24,0,9128,0
2019-09-25,0,9128,0
2019-09-26,0,9128,0
2019-09-27,0,9128,0
2019-09-28,0,9128,0
2019-09-29,0,9128,0
2019-09-30,0,9128,0
2019-10-01,0,5161,0
2019-10-02,0,5161,0
2019-10-03,0,5161,0
2019-10-04,0,5161,0
2019-10-05,0,5161,0
2019-10-06,0,5161,0
2019-10-07,0,5161,0
2019-10-08,0,5161,0
2019-10-09,0,5161,0
2019-10-10,0,5161,0
2019-10-11,0,5161,0
2019-10-12,0,5161,0
2019-10-13,0,5161,0
2019-10-14,0,5161,0
2019-10-15,1,5161,1
2019-10-16,1,5161,1
2019-10-17,1,5161,1
2019-10-18,1,5161,1
2019-10-19,2,5161,2
2019-10-20,1,5161,1
2019-10-21,0,5161,0
2019-10-22,0,5161,0
2019-10-23,0,5161,0
2019-10-24,0,5161,0
2019-10-25,1,5161,1
2019-10-26,2,5161,2
2019-10-27,1,5161,1
2019-10-28,1,5161,1
2019-10-29,2,5161,2
2019-10-30,1,5161,1
2019-10-31,1,5161,1
2019-11-01,2,0,0
2019-11-02,3,0,0
2019-11-03,4,0,0
2019-11-04,5,0,0
2019-11-05,3,0,0
2019-11-06,0,0,0
2019-11-07,0,0,0
2019-11-08,1,0,0
2019-11-09,0,0,0
2019-11-10,1,0,0
2019-11-11,3,0,0
2019-11-12,11,0,0
2019-11-13,22,0,0
2019-11-14,22,0,0
2019-11-15,15,0,0
2019-11-16,4,0,0
2019-11-17,2,0,0
2019-11-18,1,0,0
2019-11-19,1,0,0
2019-11-20,44,0,0
2019-11-21,47,0,0
2019-11-22,34,0,0
2019-11-23,37,0,0
2019-11-24,33,0,0
2019-11-25,80,0,0
2019-11-26,96,0,0
2019-11-27,62,0,0
2019-11-28,48,0,0
2019-11-29,62,0,0
2019-11-30,85,0,0
2019-12-01,37,0,0
2019-12-02,28,0,0
2019-12-03,17,0,0
2019-12-04,179,0,0
2019-12-05,216,0,0
2019-12-06,233,0,0
2019-12-07,209,0,0
2019-12-08,77,0,0
2019-12-09,91,0,0
2019-12-10,143,0,0
2019-12-11,141,0,0
2019-12-12,142,0,0
2019-12-13,76,0,0
2019-12-14,132,0,0
2019-12-15,136,0,0
2019-12-16,494,0,0
2019-12-17,659,0,0
2019-12-18,496,0,0
2019-12-19,277,0,0
2019-12-20,158,0,0
2019-12-21,261,0,0
2019-12-22,270,0,0
2019-12-23,120,0,0
2019-12-24,282,0,0
2019-12-25,475,0,0
2019-12-26,698,0,0
2019-12-27,1128,0,0
2019-12-28,872,0,0
2019-12-29,560,0,0
2019-12-30,492,0,0
2019-12-31,1415,0,0
2020-01-01,1783,0,0
2020-01-02,1276,0,0
2020-01-03,978,0,0
2020-01-04,1012,0,0
2020-01-05,1057,0,0
2020-01-06,1195,0,0
2020-01-07,1171,0,0
2020-01-08,1207,0,0
2020-01-09,1598,0,0
2020-01-10,1428,0,0
2020-01-11,1152,0,0
2020-01-12,930,0,0
2020-01-13,744,0,0
2020-01-14,666,0,0
2020-01-15,764,0,0
2020-01-16,737,0,0
2020-01-17,688,0,0
2020-01-18,697,0,0
2020-01-19,647,0,0
2020-01-20,823,0,0
2020-01-21,806,0,0
2020-01-22,759,0,0
2020-01-23,700,0,0
2020-01-24,1329,0,0
2020-01-25,2334,0,0
2020-01-26,2026,0,0
2020-01-27,1613,0,0
2020-01-28,1094,0,0
2020-01-29,1026,0,0
2020-01-30,940,0,0
2020-01-31,1088,0,0
2020-02-01,1433,0,0
2020-02-02,1369,0,0
2020-02-03,1596,0,0
2020-02-04,1521,0,0
2020-02-05,1794,0,0
2020-02-06,1713,0,0
2020-02-07,2019,0,0
2020-02-08,1550,0,0
2020-02-09,1274,0,0
2020-02-10,1233,0,0
2020-02-11,1289,0,0
2020-02-12,1065,0,0
2020-02-13,1201,0,0
2020-02-14,1064,0,0
2020-02-15,1256,0,0
2020-02-16,1598,0,0
2020-02-17,1595,0,0
2020-02-18,1905,0,0
2020-02-19,1772,0,0
2020-02-20,1714,0,0
2020-02-21,1490,0,0
2020-02-22,1529,0,0
2020-02-23,1492,0,0
2020-02-24,1439,0,0
2020-02-25,1424,0,0
2020-02-26,1386,0,0
2020-02-27,1302,0,0
2020-02-28,1567,0,0
2020-02-29,2111,0,0
2020-03-01,1805,0,0
2020-03-02,1237,0,0
2020-03-03,903,0,0
2020-03-04,1304,0,0
2020-03-05,1378,0,0
2020-03-06,1098,0,0
2020-03-07,903,0,0
2020-03-08,781,0,0
2020-03-09,635,0,0
2020-03-10,638,0,0
2020-03-11,595,0,0
2020-03-12,700,0,0
2020-03-13,477,0,0
2020-03-14,438,0,0
2020-03-15,497,0,0
2020-03-16,687,0,0
2020-03-17,837,0,0
2020-03-18,974,0,0
2020-03-19,1205,0,0
2020-03-20,1491,0,0
2020-03-21,1176,0,0
2020-03-22,975,0,0
2020-03-23,827,0,0
2020-03-24,869,0,0
2020-03-25,631,0,0
2020-03-26,1017,0,0
2020-03-27,877,0,0
2020-03-28,726,0,0
2020-03-29,687,0,0
2020-03-30,882,0,0
2020-03-31,1005,0,0
2020-04-01,406,0,0
2020-04-02,442,0,0
2020-04-03,425,0,0
2020-04-04,469,0,0
2020-04-05,899,0,0
2020-04-06,939,0,0
2020-04-07,844,0,0
2020-04-08,653,0,0
2020-04-09,560,0,0
2020-04-10,587,0,0
2020-04-11,509,0,0
2020-04-12,355,0,0
2020-04-13,455,0,0
2020-04-14,466,0,0
2020-04-15,414,0,0
2020-04-16,302,0,0
2020-04-17,386,0,0
2020-04-18,307,0,0
2020-04-19,189,0,0
2020-04-20,109,0,0
2020-04-21,131,0,0
2020-04-22,28,0,0
2020-04-23,34,0,0
2020-04-24,65,0,0
2020-04-25,23,0,0
2020-04-26,61,0,0
2020-04-27,102,0,0
2020-04-28,162,0,0
2020-04-29,93,0,0
2020-04-30,117,0,0
2020-05-01,82,0,0
2020-05-02,120,0,0
2020-05-03,72,0,0
2020-05-04,72,0,0
2020-05-05,3,0,0
2020-05-06,101,0,0
2020-05-07,10,0,0
2020-05-08,24,0,0
2020-05-09,8,0,0
2020-05-10,60,0,0
2020-05-11,25,0,0
2020-05-12,3,0,0
2020-05-13,0,0,0
2020-05-14,0,0,0
2020-05-15,0,0,0
2020-05-16,0,0,0
2020-05-17,0,0,0
2020-05-18,12,0,0
2020-05-19,8,0,0
2020-05-20,6,0,0
2020-05-21,2,0,0
2020-05-22,0,0,0
2020-05-23,0,0,0
2020-05-24,0,0,0
2020-05-25,0,0,0
2020-05-26,9,0,0
2020-05-27,16,0,0
2020-05-28,0,0,0
2020-05-29,0,0,0
2020-05-30,1,0,0
2020-05-31,0,0,0
2020-06-01,0,324,0
2020-06-02,0,324,0
2020-06-03,0,324,0
2020-06-04,0,324,0
2020-06-05,0,324,0
2020-06-06,3,324,3
2020-06-07,1,324,1
2020-06-08,0,324,0
2020-06-09,0,324,0
2020-06-10,0,324,0
2020-06-11,0,324,0
2020-06-12,0,324,0
2020-06-13,0,324,0
2020-06-14,0,324,0
2020-06-15,0,324,0
2020-06-16,0,324,0
2020-06-17,0,324,0
2020-06-18,0,324,0
2020-06-19,0,324,0
2020-06-20,0,324,0
2020-06-21,0,324,0
2020-06-22,0,324,0
2020-06-23,0,324,0
2020-06-24,0,324,0
2020-06-25,0,324,0
2020-06-26,0,324,0
2020-06-27,0,324,0
2020-06-28,0,324,0
2020-06-29,0,324,0
2020-06-30,0,324,0
2020-07-01,0,4762,0
2020-07-02,2,4762,2
2020-07-03,0,4762,0
2020-07-04,0,4762,0
2020-07-05,0,4762,0
2020-07-06,0,4762,0
2020-07-07,0,4762,0
2020-07-08,0,4762,0
2020-07-09,0,4762,0
2020-07-10,0,4762,0
2020-07-11,0,4762,0
2020-07-12,0,4762,0
2020-07-13,0,4762,0
2020-07-14,0,4762,0
2020-07-15,0,4762,0
2020-07-16,0,4762,0
2020-07-17,0,4762,0
2020-07-18,0,4762,0
2020-07-19,0,4762,0
2020-07-20,0,4762,0
2020-07-21,0,4762,0
2020-07-22,1,4762,1
2020-07-23,0,4762,0
2020-07-24,0,4762,0
2020-07-25,0,4762,0
2020-07-26,0,4762,0
2020-07-27,0,4762,0
2020-07-28,0,4762,0
2020-07-29,0,4762,0
2020-07-30,0,4762,0
2020-07-31,0,4762,0
2020-08-01,0,5644,0
2020-08-02,0,5644,0
2020-08-03,0,5644,0
2020-08-04,0,5644,0
2020-08-05,0,5644,0
2020-08-06,0,5644,0
2020-08-07,0,5644,0
2020-08-08,0,5644,0
2020-08-09,0,5644,0
2020-08-10,0,5644,0
2020-08-11,0,5644,0
2020-08-12,2,5644,2
2020-08-13,1,5644,1
2020-08-14,0,5644,0
2020-08-15,0,5644,0
2020-08-16,0,5644,0
2020-08-17,0,5644,0
2020-08-18,0,5644,0
2020-08-19,0,5644,0
2020-08-20,0,5644,0
2020-08-21,0,5644,0
2020-08-22,0,5644,0
2020-08-23,0,5644,0
2020-08-24,0,5644,0
2020-08-25,0,5644,0
2020-08-26,0,5644,0
2020-08-27,0,5644,0
2020-08-28,0,5644,0
2020-08-29,0,5644,0
2020-08-30,0,5644,0
2020-08-31,0,5644,0
2020-09-01,0,256,0
2020-09-02,1,256,1
2020-09-03,3,256,3
2020-09-04,4,256,4
2020-09-05,1,256,1
2020-09-06,1,256,1
2020-09-07,3,256,3
2020-09-08,2,256,2
2020-09-09,2,256,2
2020-09-10,2,256,2
2020-09-11,0,256,0
2020-09-12,0,256,0
2020-09-13,3,256,3
2020-09-14,2,256,2
2020-09-15,1,256,1
2020-09-16,0,256,0
2020-09-17,0,256,0
2020-09-18,0,256,0
2020-09-19,0,256,0
2020-09-20,0,256,0
2020-09-21,3,256,3
2020-09-22,3,256,3
2020-09-23,1,256,1
2020-09-24,1,256,1
2020-09-25,1,256,1
2020-09-26,3,256,3
2020-09-27,7,256,7
2020-09-28,4,256,4
2020-09-29,2,256,2
2020-09-30,4,256,4
2020-10-01,11,0,0
2020-10-02,58,0,0
2020-10-03,32,0,0
2020-10-04,8,0,0
2020-10-05,29,0,0
2020-10-06,19,0,0
2020-10-07,10,0,0
2020-10-08,17,0,0
2020-10-09,95,0,0
2020-10-10,152,0,0
2020-10-11,121,0,0
2020-10-12,110,0,0
2020-10-13,85,0,0
2020-10-14,26,0,0
2020-10-15,24,0,0
2020-10-16,85,0,0
2020-10-17,87,0,0
2020-10-18,86,0,0
2020-10-19,155,0,0
2020-10-20,274,0,0
2020-10-21,231,0,0
2020-10-22,226,0,0
2020-10-23,264,0,0
2020-10-24,234,0,0
2020-10-25,219,0,0
2020-10-26,330,0,0
2020-10-27,331,0,0
2020-10-28,219,0,0
2020-10-29,215,0,0
2020-10-30,335,0,0
2020-10-31,545,0,0
2020-11-01,568,0,0
2020-11-02,445,0,0
2020-11-03,248,0,0
2020-11-04,220,0,0
2020-11-05,276,0,0
2020-11-06,183,0,0
2020-11-07,156,0,0
2020-11-08,215,0,0
2020-11-09,86,0,0
2020-11-10,114,0,0
2020-11-11,59,0,0
2020-11-12,92,0,0
2020-11-13,84,0,0
2020-11-14,132,0,0
2020-11-15,75,0,0
2020-11-16,177,0,0
2020-11-17,204,0,0
2020-11-18,201,0,0
2020-11-19,214,0,0
2020-11-20,248,0,0
2020-11-21,338,0,0
2020-11-22,395,0,0
2020-11-23,563,0,0
2020-11-24,506,0,0
2020-11-25,455,0,0
2020-11-26,234,0,0
2020-11-27,170,0,0
2020-11-28,177,0,0
2020-11-29,378,0,0
2020-11-30,295,0,0
2020-12-01,275,0,0
2020-12-02,328,0,0
2020-12-03,406,0,0
2020-12-04,371,0,0
2020-12-05,419,0,0
2020-12-06,480,0,0
2020-12-07,441,0,0
2020-12-08,224,0,0
2020-12-09,249,0,0
2020-12-10,236,0,0
2020-12-11,401,0,0
2020-12-12,573,0,0
2020-12-13,706,0,0
2020-12-14,670,0,0
2020-12-15,783,0,0
2020-12-16,784,0,0
2020-12-17,594,0,0
2020-12-18,561,0,0
2020-12-19,374,0,0
2020-12-20,176,0,0
2020-12-21,354,0,0
2020-12-22,171,0,0
2020-12-23,180,0,0
2020-12-24,367,0,0
2020-12-25,369,0,0
2020-12-26,461,0,0
2020-12-27,505,0,0
2020-12-28,422,0,0
2020-12-29,518,0,0
2020-12-30,714,0,0
2020-12-31,691,0,0
2021-01-01,837,0,0
2021-01-02,593,0,0
2021-01-03,606,0,0
2021-01-04,585,0,0
2021-01-05,650,0,0
2021-01-06,803,0,0
2021-01-07,770,0,0
2021-01-08,763,0,0
2021-01-09,1048,0,0
2021-01-10,1188,0,0
2021-01-11,1187,0,0
2021-01-12,1102,0,0
2021-01-13,974,0,0
2021-01-14,833,0,0
2021-01-15,571,0,0
2021-01-16,391,0,0
2021-01-17,482,0,0
2021-01-18,783,0,0
2021-01-19,840,0,0
2021-01-20,720,0,0
2021-01-21,779,0,0
2021-01-22,783,0,0
2021-01-23,796,0,0
2021-01-24,1094,0,0
2021-01-25,1048,0,0
2021-01-26,1309,0,0
2021-01-27,1490,0,0
2021-01-28,1501,0,0
2021-01-29,1128,0,0
2021-01-30,1000,0,0
2021-01-31,931,0,0
2021-02-01,1226,0,0
2021-02-02,1265,0,0
2021-02-03,1366,0,0
2021-02-04,1443,0,0
2021-02-05,1283,0,0
2021-02-06,1311,0,0
2021-02-07,1621,0,0
2021-02-08,1721,0,0
2021-02-09,1556,0,0
2021-02-10,1309,0,0
2021-02-11,1222,0,0
2021-02-12,1402,0,0
2021-02-13,1325,0,0
2021-02-14,1587,0,0
2021-02-15,1523,0,0
2021-02-16,1675,0,0
2021-02-17,1640,0,0
2021-02-18,1915,0,0
2021-02-19,1923,0,0
2021-02-20,1941,0,0
2021-02-21,1522,0,0
2021-02-22,1346,0,0
2021-02-23,1322,0,0
2021-02-24,1249,0,0
2021-02-25,1815,0,0
2021-02-26,1541,0,0
2021-02-27,956,0,0
2021-02-28,831,0,0
2021-03-01,552,0,0
2021-03-02,548,0,0
2021-03-03,593,0,0
2021-03-04,516,0,0
2021-03-05,418,0,0
2021-03-06,584,0,0
2021-03-07,755,0,0
2021-03-08,771,0,0
2021-03-09,438,0,0
2021-03-10,513,0,0
2021-03-11,512,0,0
2021-03-12,516,0,0
2021-03-13,529,0,0
2021-03-14,562,0,0
2021-03-15,488,0,0
2021-03-16,716,0,0
2021-03-17,569,0,0
2021-03-18,570,0,0
2021-03-19,434,0,0
2021-03-20,392,0,0
2021-03-21,385,0,0
2021-03-22,465,0,0
2021-03-23,455,0,0
2021-03-24,496,0,0
2021-03-25,530,0,0
2021-03-26,492,0,0
2021-03-27,669,0,0
2021-03-28,653,0,0
2021-03-29,590,0,0
2021-03-30,786,0,0
2021-03-31,1214,0,0
2021-04-01,815,0,0
2021-04-02,343,0,0
2021-04-03,325,0,0
2021-04-04,370,0,0
2021-04-05,297,0,0
2021-04-06,214,0,0
2021-04-07,188,0,0
2021-04-08,88,0,0
2021-04-09,94,0,0
2021-04-10,112,0,0
2021-04-11,143,0,0
2021-04-12,106,0,0
2021-04-13,259,0,0
2021-04-14,208,0,0
2021-04-15,377,0,0
2021-04-16,141,0,0
2021-04-17,160,0,0
2021-04-18,144,0,0
2021-04-19,157,0,0
2021-04-20,51,0,0
2021-04-21,13,0,0
2021-04-22,0,0,0
2021-04-23,0,0,0
2021-04-24,2,0,0
2021-04-25,4,0,0
2021-04-26,4,0,0
2021-04-27,41,0,0
2021-04-28,80,0,0
2021-04-29,33,0,0
2021-04-30,44,0,0
2021-05-01,0,0,0
2021-05-02,0,0,0
2021-05-03,0,0,0
2021-05-04,0,0,0
2021-05-05,0,0,0
2021-05-06,1,0,0
2021-05-07,2,0,0
2021-05-08,1,0,0
2021-05-09,0,0,0
2021-05-10,0,0,0
2021-05-11,0,0,0
2021-05-12,0,0,0
2021-05-13,0,0,0
2021-05-14,0,0,0
2021-05-15,0,0,0
2021-05-16,0,0,0
2021-05-17,0,0,0
2021-05-18,25,0,0
2021-05-19,7,0,0
2021-05-20,3,0,0
2021-05-21,0,0,0
2021-05-22,3,0,0
2021-05-23,0,0,0
2021-05-24,36,0,0
2021-05-25,41,0,0
2021-05-26,9,0,0
2021-05-27,1,0,0
2021-05-28,1,0,0
2021-05-29,28,0,0
2021-05-30,5,0,0
2021-05-31,1,0,0
2021-06-01,0,0,0
2021-06-02,0,0,0
2021-06-03,0,0,0
2021-06-04,0,0,0
2021-06-05,0,0,0
2021-06-06,0,0,0
2021-06-07,0,0,0
2021-06-08,0,0,0
2021-06-09,0,0,0
2021-06-10,0,0,0
2021-06-11,16,0,0
2021-06-12,10,0,0
2021-06-13,2,0,0
2021-06-14,0,0,0
2021-06-15,0,0,0
2021-06-16,6,0,0
2021-06-17,10,0,0
2021-06-18,56,0,0
2021-06-19,25,0,0
2021-06-20,10,0,0
2021-06-21,7,0,0
2021-06-22,2,0,0
2021-06-23,2,0,0
2021-06-24,0,0,0
2021-06-25,1,0,0
2021-06-26,1,0,0
2021-06-27,1,0,0
2021-06-28,0,0,0
2021-06-29,0,0,0
2021-06-30,0,0,0
2021-07-01,0,1243,0
2021-07-02,0,1243,0
2021-07-03,0,1243,0
2021-07-04,0,1243,0
2021-07-05,0,1243,0
2021-07-06,0,1243,0
2021-07-07,0,1243,0
2021-07-08,0,1243,0
2021-07-09,0,1243,0
2021-07-10,0,1243,0
2021-07-11,0,1243,0
2021-07-12,0,1243,0
2021-07-13,0,1243,0
2021-07-14,0,1243,0
2021-07-15,0,1243,0
2021-07-16,0,1243,0
2021-07-17,0,1243,0
2021-07-18,0,1243,0
2021-07-19,0,1243,0
2021-07-20,0,1243,0
2021-07-21,0,1243,0
2021-07-22,0,1243,0
2021-07-23,0,1243,0
2021-07-24,0,1243,0
2021-07-25,0,1243,0
2021-07-26,0,1243,0
2021-07-27,0,1243,0
2021-07-28,0,1243,0
2021-07-29,0,1243,0
2021-07-30,0,1243,0
2021-07-31,0,1243,0
2021-08-01,0,1987,0
2021-08-02,0,1987,0
2021-08-03,0,1987,0
2021-08-04,1,1987,1
2021-08-05,0,1987,0
2021-08-06,2,1987,2
2021-08-07,0,1987,0
2021-08-08,0,1987,0
2021-08-09,193,1987,193
2021-08-10,17,1987,17
2021-08-11,1,1987,1
2021-08-12,0,1987,0
2021-08-13,3,1987,3
2021-08-14,2,1987,2
2021-08-15,1,1987,1
2021-08-16,0,1987,0
2021-08-17,1,1987,1
2021-08-18,0,1987,0
2021-08-19,2,1987,2
2021-08-20,1,1987,1
2021-08-21,1,1987,1
2021-08-22,1,1987,1
2021-08-23,1,1987,1
2021-08-24,0,1987,0
2021-08-25,0,1987,0
2021-08-26,0,1987,0
2021-08-27,0,1987,0
2021-08-28,0,1987,0
2021-08-29,1,1987,1
2021-08-30,1,1987,1
2021-08-31,0,1987,0
2021-09-01,1,11,1
2021-09-02,0,11,0
2021-09-03,0,11,0
2021-09-04,0,11,0
2021-09-05,1,11,1
2021-09-06,8,11,8
2021-09-07,3,11,3
2021-09-08,1,11,1
2021-09-09,1,11,1
2021-09-10,3,11,3
2021-09-11,3,11,3
2021-09-12,3,11,3
2021-09-13,3,11,3
2021-09-14,3,11,3
2021-09-15,3,11,3
2021-09-16,5,11,5
2021-09-17,3,11,3
2021-09-18,2,11,2
2021-09-19,20,11,11
2021-09-20,3,11,3
2021-09-21,3,11,3
2021-09-22,3,11,3
2021-09-23,4,11,4
2021-09-24,3,11,3
2021-09-25,5,11,5
2021-09-26,10,11,10
2021-09-27,12,11,11
2021-09-28,5,11,5
2021-09-29,3,11,3
2021-09-30,3,11,3
2021-10-01,11,0,0
2021-10-02,14,0,0
2021-10-03,16,0,0
2021-10-04,10,0,0
2021-10-05,7,0,0
2021-10-06,6,0,0
2021-10-07,2,0,0
2021-10-08,5,0,0
2021-10-09,7,0,0
2021-10-10,5,0,0
2021-10-11,3,0,0
2021-10-12,0,0,0
2021-10-13,2,0,0
2021-10-14,0,0,0
2021-10-15,3,0,0
2021-10-16,6,0,0
2021-10-17,28,0,0
2021-10-18,48,0,0
2021-10-19,46,0,0
2021-10-20,38,0,0
2021-10-21,52,0,0
2021-10-22,34,0,0
2021-10-23,21,0,0
2021-10-24,31,0,0
2021-10-25,37,0,0
2021-10-26,28,0,0
2021-10-27,89,0,0
2021-10-28,115,0,0
2021-10-29,131,0,0
2021-10-30,122,0,0
2021-10-31,189,0,0
2021-11-01,439,0,0
2021-11-02,438,0,0
2021-11-03,309,0,0
2021-11-04,262,0,0
2021-11-05,240,0,0
2021-11-06,240,0,0
2021-11-07,359,0,0
2021-11-08,219,0,0
2021-11-09,647,0,0
2021-11-10,741,0,0
2021-11-11,470,0,0
2021-11-12,430,0,0
2021-11-13,557,0,0
2021-11-14,558,0,0
2021-11-15,665,0,0
2021-11-16,487,0,0
2021-11-17,543,0,0
2021-11-18,746,0,0
2021-11-19,875,0,0
2021-11-20,530,0,0
2021-11-21,391,0,0
2021-11-22,447,0,0
2021-11-23,660,0,0
2021-11-24,425,0,0
2021-11-25,463,0,0
2021-11-26,628,0,0
2021-11-27,856,0,0
2021-11-28,891,0,0
2021-11-29,492,0,0
2021-11-30,584,0,0
2021-12-01,261,0,0
2021-12-02,265,0,0
2021-12-03,240,0,0
2021-12-04,569,0,0
2021-12-05,516,0,0
2021-12-06,666,0,0
2021-12-07,635,0,0
2021-12-08,484,0,0
2021-12-09,493,0,0
2021-12-10,493,0,0
2021-12-11,480,0,0
2021-12-12,445,0,0
2021-12-13,361,0,0
2021-12-14,263,0,0
2021-12-15,256,0,0
2021-12-16,373,0,0
2021-12-17,733,0,0
2021-12-18,817,0,0
2021-12-19,697,0,0
2021-12-20,614,0,0
2021-12-21,549,0,0
2021-12-22,389,0,0
2021-12-23,485,0,0
2021-12-24,381,0,0
2021-12-25,698,0,0
2021-12-26,763,0,0
2021-12-27,798,0,0
2021-12-28,942,0,0
2021-12-29,786,0,0
2021-12-30,729,0,0
2021-12-31,579,0,0
2022-01-01,761,0,0
2022-01-02,613,0,0
2022-01-03,419,0,0
2022-01-04,292,0,0
2022-01-05,428,0,0
2022-01-06,428,0,0
2022-01-07,538,0,0
2022-01-08,540,0,0
2022-01-09,532,0,0
2022-01-10,675,0,0
2022-01-11,888,0,0
2022-01-12,1023,0,0
2022-01-13,859,0,0
2022-01-14,767,0,0
2022-01-15,722,0,0
2022-01-16,671,0,0
2022-01-17,633,0,0
2022-01-18,597,0,0
2022-01-19,664,0,0
2022-01-20,860,0,0
2022-01-21,824,0,0
2022-01-22,784,0,0
2022-01-23,638,0,0
2022-01-24,511,0,0
2022-01-25,486,0,0
2022-01-26,424,0,0
2022-01-27,337,0,0
2022-01-28,303,0,0
2022-01-29,231,0,0
2022-01-30,288,0,0
2022-01-31,356,0,0
2022-02-01,579,0,0
2022-02-02,588,0,0
2022-02-03,610,0,0
2022-02-04,853,0,0
2022-02-05,1064,0,0
2022-02-06,1104,0,0
2022-02-07,920,0,0
2022-02-08,776,0,0
2022-02-09,944,0,0
2022-02-10,767,0,0
2022-02-11,569,0,0
2022-02-12,503,0,0
2022-02-13,586,0,0
2022-02-14,444,0,0
2022-02-15,677,0,0
2022-02-16,759,0,0
2022-02-17,1111,0,0
2022-02-18,1001,0,0
2022-02-19,811,0,0
2022-02-20,506,0,0
2022-02-21,578,0,0
2022-02-22,573,0,0
2022-02-23,627,0,0
2022-02-24,460,0,0
2022-02-25,475,0,0
2022-02-26,515,0,0
2022-02-27,701,0,0
2022-02-28,770,0,0
2022-03-01,505,0,0
2022-03-02,419,0,0
2022-03-03,409,0,0
2022-03-04,361,0,0
2022-03-05,481,0,0
2022-03-06,575,0,0
2022-03-07,773,0,0
2022-03-08,648,0,0
2022-03-09,629,0,0
2022-03-10,675,0,0
2022-03-11,878,0,0
2022-03-12,1047,0,0
2022-03-13,938,0,0
2022-03-14,872,0,0
2022-03-15,1033,0,0
2022-03-16,803,0,0
2022-03-17,607,0,0
2022-03-18,527,0,0
2022-03-19,425,0,0
2022-03-20,427,0,0
2022-03-21,413,0,0
2022-03-22,311,0,0
2022-03-23,330,0,0
2022-03-24,219,0,0
2022-03-25,152,0,0
2022-03-26,254,0,0
2022-03-27,374,0,0
2022-03-28,310,0,0
2022-03-29,260,0,0
2022-03-30,294,0,0
2022-03-31,393,0,0
2022-04-01,228,0,0
2022-04-02,209,0,0
2022-04-03,350,0,0
2022-04-04,265,0,0
2022-04-05,387,0,0
2022-04-06,207,0,0
2022-04-07,191,0,0
2022-04-08,160,0,0
2022-04-09,157,0,0
2022-04-10,177,0,0
2022-04-11,199,0,0
2022-04-12,205,0,0
2022-04-13,86,0,0
2022-04-14,57,0,0
2022-04-15,37,0,0
2022-04-16,18,0,0
2022-04-17,8,0,0
2022-04-18,13,0,0
2022-04-19,193,0,0
2022-04-20,282,0,0
2022-04-21,356,0,0
2022-04-22,214,0,0
2022-04-23,102,0,0
2022-04-24,96,0,0
2022-04-25,289,0,0
2022-04-26,218,0,0
2022-04-27,381,0,0
2022-04-28,129,0,0
2022-04-29,163,0,0
2022-04-30,157,0,0
2022-05-01,0,0,0
2022-05-02,0,0,0
2022-05-03,0,0,0
2022-05-04,1,0,0
2022-05-05,0,0,0
2022-05-06,0,0,0
2022-05-07,0,0,0
2022-05-08,0,0,0
2022-05-09,1,0,0
2022-05-10,4,0,0
2022-05-11,2,0,0
2022-05-12,2,0,0
2022-05-13,2,0,0
2022-05-14,9,0,0
2022-05-15,2,0,0
2022-05-16,14,0,0
2022-05-17,5,0,0
2022-05-18,2,0,0
2022-05-19,5,0,0
2022-05-20,59,0,0
2022-05-21,45,0,0
2022-05-22,21,0,0
2022-05-23,2,0,0
2022-05-24,0,0,0
2022-05-25,6,0,0
2022-05-26,1,0,0
2022-05-27,0,0,0
2022-05-28,0,0,0
2022-05-29,0,0,0
2022-05-30,0,0,0
2022-05-31,0,0,0
2022-06-01,0,4,0
2022-06-02,6,4,4
2022-06-03,1,4,1
2022-06-04,0,4,0
2022-06-05,1,4,1
2022-06-06,2,4,2
2022-06-07,0,4,0
2022-06-08,2,4,2
2022-06-09,0,4,0
2022-06-10,0,4,0
2022-06-11,0,4,0
2022-06-12,0,4,0
2022-06-13,0,4,0
2022-06-14,0,4,0
2022-06-15,0,4,0
2022-06-16,0,4,0
2022-06-17,0,4,0
2022-06-18,0,4,0
2022-06-19,0,4,0
2022-06-20,1,4,1
2022-06-21,0,4,0
2022-06-22,0,4,0
2022-06-23,0,4,0
2022-06-24,0,4,0
2022-06-25,0,4,0
2022-06-26,1,4,1
2022-06-27,6,4,4
2022-06-28,0,4,0
2022-06-29,0,4,0
2022-06-30,0,4,0
2022-07-01,0,76,0
2022-07-02,0,76,0
2022-07-03,0,76,0
2022-07-04,0,76,0
2022-07-05,0,76,0
2022-07-06,10,76,10
2022-07-07,0,76,0
2022-07-08,0,76,0
2022-07-09,0,76,0
2022-07-10,0,76,0
2022-07-11,0,76,0
2022-07-12,0,76,0
2022-07-13,7,76,7
2022-07-14,1,76,1
2022-07-15,44,76,44
2022-07-16,9,76,9
2022-07-17,0,76,0
2022-07-18,0,76,0
2022-07-19,0,76,0
2022-07-20,0,76,0
2022-07-21,0,76,0
2022-07-22,0,76,0
2022-07-23,0,76,0
2022-07-24,0,76,0
2022-07-25,0,76,0
2022-07-26,0,76,0
2022-07-27,0,76,0
2022-07-28,0,76,0
2022-07-29,0,76,0
2022-07-30,0,76,0
2022-07-31,0,76,0
2022-08-01,0,548,0
2022-08-02,0,548,0
2022-08-03,0,548,0
2022-08-04,3,548,3
2022-08-05,1,548,1
2022-08-06,0,548,0
2022-08-07,0,548,0
2022-08-08,0,548,0
2022-08-09,0,548,0
2022-08-10,0,548,0
2022-08-11,0,548,0
2022-08-12,0,548,0
2022-08-13,0,548,0
2022-08-14,6,548,6
2022-08-15,1,548,1
2022-08-16,5,548,5
2022-08-17,3,548,3
2022-08-18,0,548,0
2022-08-19,0,548,0
2022-08-20,0,548,0
2022-08-21,2,548,2
2022-08-22,0,548,0
2022-08-23,0,548,0
2022-08-24,0,548,0
2022-08-25,0,548,0
2022-08-26,0,548,0
2022-08-27,0,548,0
2022-08-28,0,548,0
2022-08-29,0,548,0
2022-08-30,0,548,0
2022-08-31,0,548,0
2022-09-01,2,0,0
2022-09-02,3,0,0
2022-09-03,1,0,0
2022-09-04,0,0,0
2022-09-05,1,0,0
2022-09-06,3,0,0
2022-09-07,4,0,0
2022-09-08,10,0,0
2022-09-09,9,0,0
2022-09-10,55,0,0
2022-09-11,50,0,0
2022-09-12,28,0,0
2022-09-13,11,0,0
2022-09-14,3,0,0
2022-09-15,4,0,0
2022-09-16,6,0,0
2022-09-17,5,0,0
2022-09-18,2,0,0
2022-09-19,2,0,0
2022-09-20,3,0,0
2022-09-21,4,0,0
2022-09-22,5,0,0
2022-09-23,5,0,0
2022-09-24,8,0,0
2022-09-25,25,0,0
2022-09-26,2,0,0
2022-09-27,3,0,0
2022-09-28,3,0,0
2022-09-29,3,0,0
2022-09-30,4,0,0
2022-10-01,37,0,0
2022-10-02,81,0,0
2022-10-03,145,0,0
2022-10-04,319,0,0
2022-10-05,356,0,0
2022-10-06,377,0,0
2022-10-07,312,0,0
2022-10-08,222,0,0
2022-10-09,212,0,0
2022-10-10,197,0,0
2022-10-11,183,0,0
2022-10-12,211,0,0
2022-10-13,255,0,0
2022-10-14,317,0,0
2022-10-15,381,0,0
2022-10-16,321,0,0
2022-10-17,270,0,0
2022-10-18,335,0,0
2022-10-19,387,0,0
2022-10-20,431,0,0
2022-10-21,517,0,0
2022-10-22,439,0,0
2022-10-23,570,0,0
2022-10-24,534,0,0
2022-10-25,700,0,0
2022-10-26,1070,0,0
2022-10-27,734,0,0
2022-10-28,451,0,0
2022-10-29,359,0,0
2022-10-30,309,0,0
2022-10-31,320,0,0
2022-11-01,223,0,0
2022-11-02,160,0,0
2022-11-03,212,0,0
2022-11-04,271,0,0
2022-11-05,350,0,0
2022-11-06,439,0,0
2022-11-07,543,0,0
2022-11-08,523,0,0
2022-11-09,524,0,0
2022-11-10,591,0,0
2022-11-11,598,0,0
2022-11-12,667,0,0
2022-11-13,720,0,0
2022-11-14,788,0,0
2022-11-15,697,0,0
2022-11-16,667,0,0
2022-11-17,677,0,0
2022-11-18,702,0,0
2022-11-19,732,0,0
2022-11-20,461,0,0
2022-11-21,398,0,0
2022-11-22,337,0,0
2022-11-23,467,0,0
2022-11-24,412,0,0
2022-11-25,521,0,0
2022-11-26,605,0,0
2022-11-27,651,0,0
2022-11-28,594,0,0
2022-11-29,560,0,0
2022-11-30,470,0,0
2022-12-01,420,0,0
2022-12-02,583,0,0
2022-12-03,474,0,0
2022-12-04,561,0,0
2022-12-05,529,0,0
2022-12-06,561,0,0
2022-12-07,479,0,0
2022-12-08,502,0,0
2022-12-09,500,0,0
2022-12-10,321,0,0
2022-12-11,279,0,0
2022-12-12,271,0,0
2022-12-13,276,0,0
2022-12-14,198,0,0
2022-12-15,264,0,0
2022-12-16,370,0,0
2022-12-17,343,0,0
2022-12-18,339,0,0
2022-12-19,300,0,0
2022-12-20,417,0,0
2022-12-21,474,0,0
2022-12-22,444,0,0
2022-12-23,305,0,0
2022-12-24,263,0,0
2022-12-25,236,0,0
2022-12-26,351,0,0
2022-12-27,436,0,0
2022-12-28,379,0,0
2022-12-29,588,0,0
2022-12-30,647,0,0
2022-12-31,708,0,0
2023-01-01,756,0,0
2023-01-02,632,0,0
2023-01-03,681,0,0
2023-01-04,700,0,0
2023-01-05,624,0,0
2023-01-06,539,0,0
2023-01-07,475,0,0
2023-01-08,448,0,0
2023-01-09,482,0,0
2023-01-10,405,0,0
2023-01-11,308,0,0
2023-01-12,288,0,0
2023-01-13,272,0,0
2023-01-14,239,0,0
2023-01-15,256,0,0
2023-01-16,280,0,0
2023-01-17,522,0,0
2023-01-18,678,0,0
2023-01-19,665,0,0
2023-01-20,574,0,0
2023-01-21,704,0,0
2023-01-22,719,0,0
2023-01-23,666,0,0
2023-01-24,508,0,0
2023-01-25,575,0,0
2023-01-26,646,0,0
2023-01-27,798,0,0
2023-01-28,896,0,0
2023-01-29,787,0,0
2023-01-30,579,0,0
2023-01-31,527,0,0
2023-02-01,683,0,0
2023-02-02,758,0,0
2023-02-03,536,0,0
2023-02-04,475,0,0
2023-02-05,465,0,0
2023-02-06,239,0,0
2023-02-07,626,0,0
2023-02-08,547,0,0
2023-02-09,568,0,0
2023-02-10,647,0,0
2023-02-11,1210,0,0
2023-02-12,1500,0,0
2023-02-13,1370,0,0
2023-02-14,1128,0,0
2023-02-15,1432,0,0
2023-02-16,1447,0,0
2023-02-17,1317,0,0
2023-02-18,1135,0,0
2023-02-19,1010,0,0
2023-02-20,1097,0,0
2023-02-21,1127,0,0
2023-02-22,1192,0,0
2023-02-23,1458,0,0
2023-02-24,1523,0,0
2023-02-25,1361,0,0
2023-02-26,1444,0,0
2023-02-27,1500,0,0
2023-02-28,1551,0,0
2023-03-01,1385,0,0
2023-03-02,1453,0,0
2023-03-03,1174,0,0
2023-03-04,1126,0,0
2023-03-05,879,0,0
2023-03-06,762,0,0
2023-03-07,733,0,0
2023-03-08,620,0,0
2023-03-09,552,0,0
2023-03-10,642,0,0
2023-03-11,612,0,0
2023-03-12,440,0,0
2023-03-13,286,0,0
2023-03-14,468,0,0
2023-03-15,486,0,0
2023-03-16,258,0,0
2023-03-17,386,0,0
2023-03-18,361,0,0
2023-03-19,394,0,0
2023-03-20,586,0,0
2023-03-21,355,0,0
2023-03-22,313,0,0
2023-03-23,224,0,0
2023-03-24,212,0,0
2023-03-25,688,0,0
2023-03-26,897,0,0
2023-03-27,861,0,0
2023-03-28,659,0,0
2023-03-29,578,0,0
2023-03-30,582,0,0
2023-03-31,518,0,0
2023-04-01,204,0,0
2023-04-02,215,0,0
2023-04-03,137,0,0
2023-04-04,71,0,0
2023-04-05,84,0,0
2023-04-06,68,0,0
2023-04-07,38,0,0
2023-04-08,45,0,0
2023-04-09,36,0,0
2023-04-10,120,0,0
2023-04-11,73,0,0
2023-04-12,99,0,0
2023-04-13,106,0,0
2023-04-14,139,0,0
2023-04-15,204,0,0
2023-04-16,340,0,0
2023-04-17,220,0,0
2023-04-18,140,0,0
2023-04-19,93,0,0
2023-04-20,131,0,0
2023-04-21,87,0,0
2023-04-22,66,0,0
2023-04-23,43,0,0
2023-04-24,57,0,0
2023-04-25,59,0,0
2023-04-26,43,0,0
2023-04-27,37,0,0
2023-04-28,39,0,0
2023-04-29,25,0,0
2023-04-30,197,0,0
2023-05-01,4,0,0
2023-05-02,7,0,0
2023-05-03,13,0,0
2023-05-04,29,0,0
2023-05-05,72,0,0
2023-05-06,108,0,0
2023-05-07,84,0,0
2023-05-08,24,0,0
2023-05-09,3,0,0
2023-05-10,2,0,0
2023-05-11,6,0,0
2023-05-12,1,0,0
2023-05-13,4,0,0
2023-05-14,0,0,0
2023-05-15,0,0,0
2023-05-16,0,0,0
2023-05-17,0,0,0
2023-05-18,0,0,0
2023-05-19,0,0,0
2023-05-20,0,0,0
2023-05-21,0,0,0
2023-05-22,0,0,0
2023-05-23,0,0,0
2023-05-24,0,0,0
2023-05-25,0,0,0
2023-05-26,0,0,0
2023-05-27,0,0,0
2023-05-28,0,0,0
2023-05-29,0,0,0
2023-05-30,0,0,0
2023-05-31,0,0,0
2023-06-01,0,1769,0
2023-06-02,0,1769,0
2023-06-03,0,1769,0
2023-06-04,0,1769,0
2023-06-05,0,1769,0
2023-06-06,0,1769,0
2023-06-07,3,1769,3
2023-06-08,3,1769,3
2023-06-09,0,1769,0
2023-06-10,0,1769,0
2023-06-11,0,1769,0
2023-06-12,0,1769,0
2023-06-13,0,1769,0
2023-06-14,0,1769,0
2023-06-15,0,1769,0
2023-06-16,0,1769,0
2023-06-17,3,1769,3
2023-06-18,1,1769,1
2023-06-19,6,1769,6
2023-06-20,3,1769,3
2023-06-21,1,1769,1
2023-06-22,0,1769,0
2023-06-23,0,1769,0
2023-06-24,0,1769,0
2023-06-25,0,1769,0
2023-06-26,0,1769,0
2023-06-27,0,1769,0
2023-06-28,0,1769,0
2023-06-29,0,1769,0
2023-06-30,0,1769,0
2023-07-01,0,5206,0
2023-07-02,0,5206,0
2023-07-03,0,5206,0
2023-07-04,0,5206,0
2023-07-05,0,5206,0
2023-07-06,3,5206,3
2023-07-07,1,5206,1
2023-07-08,2,5206,2
2023-07-09,0,5206,0
2023-07-10,0,5206,0
2023-07-11,0,5206,0
2023-07-12,0,5206,0
2023-07-13,0,5206,0
2023-07-14,0,5206,0
2023-07-15,0,5206,0
2023-07-16,0,5206,0
2023-07-17,0,5206,0
2023-07-18,0,5206,0
2023-07-19,0,5206,0
2023-07-20,0,5206,0
2023-07-21,0,5206,0
2023-07-22,0,5206,0
2023-07-23,0,5206,0
2023-07-24,0,5206,0
2023-07-25,0,5206,0
2023-07-26,0,5206,0
2023-07-27,0,5206,0
2023-07-28,0,5206,0
2023-07-29,0,5206,0
2023-07-30,0,5206,0
2023-07-31,0,5206,0
2023-08-01,0,8798,0
2023-08-02,0,8798,0
2023-08-03,0,8798,0
2023-08-04,0,8798,0
2023-08-05,0,8798,0
2023-08-06,0,8798,0
2023-08-07,0,8798,0
2023-08-08,0,8798,0
2023-08-09,0,8798,0
2023-08-10,0,8798,0
2023-08-11,0,8798,0
2023-08-12,0,8798,0
2023-08-13,0,8798,0
2023-08-14,0,8798,0
2023-08-15,0,8798,0
2023-08-16,0,8798,0
2023-08-17,0,8798,0
2023-08-18,0,8798,0
2023-08-19,0,8798,0
2023-08-20,0,8798,0
2023-08-21,0,8798,0
2023-08-22,0,8798,0
2023-08-23,0,8798,0
2023-08-24,0,8798,0
2023-08-25,0,8798,0
2023-08-26,0,8798,0
2023-08-27,0,8798,0
2023-08-28,0,8798,0
2023-08-29,0,8798,0
2023-08-30,0,8798,0
2023-08-31,0,8798,0
2023-09-01,0,8941,0
2023-09-02,0,8941,0
2023-09-03,0,8941,0
2023-09-04,0,8941,0
2023-09-05,0,8941,0
2023-09-06,0,8941,0
2023-09-07,0,8941,0
2023-09-08,0,8941,0
2023-09-09,0,8941,0
2023-09-10,0,8941,0
2023-09-11,0,8941,0
2023-09-12,0,8941,0
2023-09-13,0,8941,0
2023-09-14,0,8941,0
2023-09-15,0,8941,0
2023-09-16,0,8941,0
2023-09-17,0,8941,0
2023-09-18,0,8941,0
2023-09-19,0,8941,0
2023-09-20,0,8941,0
2023-09-21,0,8941,0
2023-09-22,0,8941,0
2023-09-23,0,8941,0
2023-09-24,0,8941,0
2023-09-25,0,8941,0
2023-09-26,0,8941,0
2023-09-27,0,8941,0
2023-09-28,0,8941,0
2023-09-29,0,8941,0
2023-09-30,0,8941,0
2023-10-01,0,1024,0
2023-10-02,0,1024,0
2023-10-03,0,1024,0
2023-10-04,0,1024,0
2023-10-05,0,1024,0
2023-10-06,0,1024,0
2023-10-07,0,1024,0
2023-10-08,0,1024,0
2023-10-09,0,1024,0
2023-10-10,0,1024,0
2023-10-11,0,1024,0
2023-10-12,0,1024,0
2023-10-13,0,1024,0
2023-10-14,0,1024,0
2023-10-15,0,1024,0
2023-10-16,0,1024,0
2023-10-17,0,1024,0
2023-10-18,0,1024,0
2023-10-19,0,1024,0
2023-10-20,0,1024,0
2023-10-21,0,1024,0
2023-10-22,0,1024,0
2023-10-23,0,1024,0
2023-10-24,0,1024,0
2023-10-25,0,1024,0
2023-10-26,1,1024,1
2023-10-27,0,1024,0
2023-10-28,0,1024,0
2023-10-29,0,1024,0
2023-10-30,0,1024,0
2023-10-31,0,1024,0
2023-11-01,0,0,0
2023-11-02,3,0,0
2023-11-03,2,0,0
2023-11-04,23,0,0
2023-11-05,20,0,0
2023-11-06,31,0,0
2023-11-07,10,0,0
2023-11-08,3,0,0
2023-11-09,9,0,0
2023-11-10,14,0,0
2023-11-11,25,0,0
2023-11-12,64,0,0
2023-11-13,119,0,0
2023-11-14,73,0,0
2023-11-15,32,0,0
2023-11-16,59,0,0
2023-11-17,54,0,0
2023-11-18,55,0,0
2023-11-19,58,0,0
2023-11-20,58,0,0
2023-11-21,62,0,0
2023-11-22,130,0,0
2023-11-23,97,0,0
2023-11-24,154,0,0
2023-11-25,255,0,0
2023-11-26,269,0,0
2023-11-27,376,0,0
2023-11-28,286,0,0
2023-11-29,205,0,0
2023-11-30,278,0,0
2023-12-01,313,0,0
2023-12-02,282,0,0
2023-12-03,408,0,0
2023-12-04,474,0,0
2023-12-05,385,0,0
2023-12-06,304,0,0
2023-12-07,216,0,0
2023-12-08,274,0,0
2023-12-09,277,0,0
2023-12-10,250,0,0
2023-12-11,143,0,0
2023-12-12,110,0,0
2023-12-13,84,0,0
2023-12-14,65,0,0
2023-12-15,11,0,0
2023-12-16,8,0,0
2023-12-17,6,0,0
2023-12-18,17,0,0
2023-12-19,24,0,0
2023-12-20,20,0,0
2023-12-21,5,0,0
2023-12-22,0,0,0
2023-12-23,10,0,0
2023-12-24,66,0,0
2023-12-25,239,0,0
2023-12-26,362,0,0
2023-12-27,371,0,0
2023-12-28,249,0,0
2023-12-29,256,0,0
2023-12-30,201,0,0
2023-12-31,225,0,0
2024-01-01,450,0,0
2024-01-02,356,0,0
2024-01-03,509,0,0
2024-01-04,549,0,0
2024-01-05,739,0,0
2024-01-06,664,0,0
2024-01-07,745,0,0
2024-01-08,637,0,0
2024-01-09,594,0,0
2024-01-10,583,0,0
2024-01-11,707,0,0
2024-01-12,672,0,0
2024-01-13,490,0,0
2024-01-14,354,0,0
2024-01-15,365,0,0
2024-01-16,343,0,0
2024-01-17,392,0,0
2024-01-18,382,0,0
2024-01-19,596,0,0
2024-01-20,628,0,0
2024-01-21,610,0,0
2024-01-22,442,0,0
2024-01-23,371,0,0
2024-01-24,399,0,0
2024-01-25,447,0,0
2024-01-26,480,0,0
2024-01-27,663,0,0
2024-01-28,753,0,0
2024-01-29,954,0,0
2024-01-30,1070,0,0
2024-01-31,1132,0,0
2024-02-01,1552,0,0
2024-02-02,1544,0,0
2024-02-03,1516,0,0
2024-02-04,1471,0,0
2024-02-05,1478,0,0
2024-02-06,1411,0,0
2024-02-07,1216,0,0
2024-02-08,980,0,0
2024-02-09,954,0,0
2024-02-10,1077,0,0
2024-02-11,1090,0,0
2024-02-12,1084,0,0
2024-02-13,904,0,0
2024-02-14,1023,0,0
2024-02-15,1139,0,0
2024-02-16,1252,0,0
2024-02-17,1317,0,0
2024-02-18,1220,0,0
2024-02-19,1105,0,0
2024-02-20,891,0,0
2024-02-21,918,0,0
2024-02-22,551,0,0
2024-02-23,704,0,0
2024-02-24,816,0,0
2024-02-25,1172,0,0
2024-02-26,1204,0,0
2024-02-27,1180,0,0
2024-02-28,1458,0,0
2024-02-29,1377,0,0
2024-03-01,1059,0,0
2024-03-02,998,0,0
2024-03-03,1014,0,0
2024-03-04,1033,0,0
2024-03-05,1078,0,0
2024-03-06,1048,0,0
2024-03-07,1028,0,0
2024-03-08,998,0,0
2024-03-09,1126,0,0
2024-03-10,1126,0,0
2024-03-11,1271,0,0
2024-03-12,1381,0,0
2024-03-13,1403,0,0
2024-03-14,1386,0,0
2024-03-15,996,0,0
2024-03-16,829,0,0
2024-03-17,769,0,0
2024-03-18,522,0,0
2024-03-19,264,0,0
2024-03-20,85,0,0
2024-03-21,49,0,0
2024-03-22,110,0,0
2024-03-23,64,0,0
2024-03-24,86,0,0
2024-03-25,112,0,0
2024-03-26,149,0,0
2024-03-27,321,0,0
2024-03-28,502,0,0
2024-03-29,525,0,0
2024-03-30,662,0,0
2024-03-31,500,0,0
2024-04-01,212,0,0
2024-04-02,218,0,0
2024-04-03,281,0,0
2024-04-04,349,0,0
2024-04-05,354,0,0
2024-04-06,279,0,0
2024-04-07,106,0,0
2024-04-08,38,0,0
2024-04-09,167,0,0
2024-04-10,124,0,0
2024-04-11,170,0,0
2024-04-12,325,0,0
2024-04-13,232,0,0
2024-04-14,264,0,0
2024-04-15,149,0,0
2024-04-16,100,0,0
2024-04-17,199,0,0
2024-04-18,176,0,0
2024-04-19,151,0,0
2024-04-20,206,0,0
2024-04-21,253,0,0
2024-04-22,278,0,0
2024-04-23,328,0,0
2024-04-24,259,0,0
2024-04-25,317,0,0
2024-04-26,386,0,0
2024-04-27,384,0,0
2024-04-28,286,0,0
2024-04-29,147,0,0
2024-04-30,77,0,0
2024-05-01,0,0,0
2024-05-02,0,0,0
2024-05-03,0,0,0
2024-05-04,0,0,0
2024-05-05,0,0,0
2024-05-06,0,0,0
2024-05-07,0,0,0
2024-05-08,0,0,0
2024-05-09,0,0,0
2024-05-10,0,0,0
2024-05-11,2,0,0
2024-05-12,2,0,0
2024-05-13,2,0,0
2024-05-14,8,0,0
2024-05-15,0,0,0
2024-05-16,0,0,0
2024-05-17,0,0,0
2024-05-18,0,0,0
2024-05-19,0,0,0
2024-05-20,0,0,0
2024-05-21,0,0,0
2024-05-22,0,0,0
2024-05-23,1,0,0
2024-05-24,24,0,0
2024-05-25,134,0,0
2024-05-26,67,0,0
2024-05-27,14,0,0
2024-05-28,0,0,0
2024-05-29,0,0,0
2024-05-30,0,0,0
2024-05-31,0,0,0
2024-06-01,0,699,0
2024-06-02,2,699,2
2024-06-03,2,699,2
2024-06-04,0,699,0
2024-06-05,0,699,0
2024-06-06,0,699,0
2024-06-07,0,699,0
2024-06-08,0,699,0
2024-06-09,0,699,0
2024-06-10,0,699,0
2024-06-11,0,699,0
2024-06-12,3,699,3
2024-06-13,3,699,3
2024-06-14,0,699,0
2024-06-15,6,699,6
2024-06-16,5,699,5
2024-06-17,0,699,0
2024-06-18,0,699,0
2024-06-19,0,699,0
2024-06-20,0,699,0
2024-06-21,0,699,0
2024-06-22,0,699,0
2024-06-23,0,699,0
2024-06-24,0,699,0
2024-06-25,0,699,0
2024-06-26,2,699,2
2024-06-27,0,699,0
2024-06-28,0,699,0
2024-06-29,0,699,0
2024-06-30,2,699,2
2024-07-01,0,2374,0
2024-07-02,0,2374,0
2024-07-03,0,2374,0
2024-07-04,6,2374,6
2024-07-05,9,2374,9
2024-07-06,5,2374,5
2024-07-07,1,2374,1
2024-07-08,0,2374,0
2024-07-09,1,2374,1
2024-07-10,0,2374,0
2024-07-11,0,2374,0
2024-07-12,0,2374,0
2024-07-13,0,2374,0
2024-07-14,0,2374,0
2024-07-15,0,2374,0
2024-07-16,0,2374,0
2024-07-17,0,2374,0
2024-07-18,0,2374,0
2024-07-19,0,2374,0
2024-07-20,0,2374,0
2024-07-21,0,2374,0
2024-07-22,0,2374,0
2024-07-23,0,2374,0
2024-07-24,0,2374,0
2024-07-25,0,2374,0
2024-07-26,0,2374,0
2024-07-27,0,2374,0
2024-07-28,0,2374,0
2024-07-29,0,2374,0
2024-07-30,0,2374,0
2024-07-31,0,2374,0
2024-08-01,0,7464,0
2024-08-02,0,7464,0
2024-08-03,0,7464,0
2024-08-04,0,7464,0
2024-08-05,0,7464,0
2024-08-06,0,7464,0
2024-08-07,0,7464,0
2024-08-08,0,7464,0
2024-08-09,0,7464,0
2024-08-10,0,7464,0
2024-08-11,0,7464,0
2024-08-12,0,7464,0
2024-08-13,0,7464,0
2024-08-14,0,7464,0
2024-08-15,0,7464,0
2024-08-16,0,7464,0
2024-08-17,0,7464,0
2024-08-18,0,7464,0
2024-08-19,0,7464,0
2024-08-20,0,7464,0
2024-08-21,0,7464,0
2024-08-22,0,7464,0
2024-08-23,0,7464,0
2024-08-24,0,7464,0
2024-08-25,0,7464,0
2024-08-26,0,7464,0
2024-08-27,0,7464,0
2024-08-28,0,7464,0
2024-08-29,0,7464,0
2024-08-30,0,7464,0
2024-08-31,0,7464,0
2024-09-01,0,33,0
2024-09-02,0,33,0
2024-09-03,0,33,0
2024-09-04,0,33,0
2024-09-05,0,33,0
2024-09-06,0,33,0
2024-09-07,0,33,0
2024-09-08,0,33,0
2024-09-09,0,33,0
2024-09-10,0,33,0
2024-09-11,3,33,3
2024-09-12,0,33,0
2024-09-13,0,33,0
2024-09-14,0,33,0
2024-09-15,0,33,0
2024-09-16,0,33,0
2024-09-17,0,33,0
2024-09-18,0,33,0
2024-09-19,0,33,0
2024-09-20,0,33,0
2024-09-21,0,33,0
2024-09-22,0,33,0
2024-09-23,3,33,3
2024-09-24,3,33,3
2024-09-25,4,33,4
2024-09-26,30,33,30
2024-09-27,31,33,31
2024-09-28,21,33,21
2024-09-29,9,33,9
2024-09-30,4,33,4
2024-10-01,29,0,0
2024-10-02,41,0,0
2024-10-03,22,0,0
2024-10-04,41,0,0
2024-10-05,70,0,0
2024-10-06,47,0,0
2024-10-07,2,0,0
2024-10-08,16,0,0
2024-10-09,20,0,0
2024-10-10,18,0,0
2024-10-11,7,0,0
2024-10-12,7,0,0
2024-10-13,33,0,0
2024-10-14,37,0,0
2024-10-15,73,0,0
2024-10-16,16,0,0
2024-10-17,0,0,0
2024-10-18,0,0,0
2024-10-19,1,0,0
2024-10-20,4,0,0
2024-10-21,27,0,0
2024-10-22,29,0,0
2024-10-23,19,0,0
2024-10-24,10,0,0
2024-10-25,32,0,0
2024-10-26,7,0,0
2024-10-27,1,0,0
2024-10-28,2,0,0
2024-10-29,4,0,0
2024-10-30,7,0,0
2024-10-31,2,0,0
2024-11-01,1,0,0
2024-11-02,20,0,0
2024-11-03,71,0,0
2024-11-04,95,0,0
2024-11-05,138,0,0
2024-11-06,98,0,0
2024-11-07,62,0,0
2024-11-08,47,0,0
2024-11-09,96,0,0
2024-11-10,132,0,0
2024-11-11,152,0,0
2024-11-12,272,0,0
2024-11-13,268,0,0
2024-11-14,187,0,0
2024-11-15,198,0,0
2024-11-16,212,0,0
2024-11-17,257,0,0
2024-11-18,358,0,0
2024-11-19,413,0,0
2024-11-20,443,0,0
2024-11-21,409,0,0
2024-11-22,462,0,0
2024-11-23,465,0,0
2024-11-24,534,0,0
2024-11-25,531,0,0
2024-11-26,482,0,0
2024-11-27,418,0,0
2024-11-28,381,0,0
2024-11-29,283,0,0
2024-11-30,300,0,0
2024-12-01,236,0,0
2024-12-02,345,0,0
2024-12-03,744,0,0
2024-12-04,867,0,0
2024-12-05,916,0,0
2024-12-06,879,0,0
2024-12-07,760,0,0
2024-12-08,703,0,0
2024-12-09,661,0,0
2024-12-10,509,0,0
2024-12-11,532,0,0
2024-12-12,383,0,0
2024-12-13,394,0,0
2024-12-14,469,0,0
2024-12-15,562,0,0
2024-12-16,619,0,0
2024-12-17,807,0,0
2024-12-18,735,0,0
2024-12-19,645,0,0
2024-12-20,616,0,0
2024-12-21,499,0,0
2024-12-22,665,0,0
2024-12-23,546,0,0
2024-12-24,626,0,0
2024-12-25,573,0,0
2024-12-26,759,0,0
2024-12-27,476,0,0
2024-12-28,416,0,0
2024-12-29,323,0,0
2024-12-30,312,0,0
2024-12-31,324,0,0
